scenario,seed,detector,begin_s,end_s,mean_queue_veh,max_queue_veh,mean_halts
baseline,1,n_queue,0.0,60.0,0.6,3.0,0.0
baseline,1,s_queue,0.0,60.0,0.42,2.0,0.0
baseline,1,e_queue,0.0,60.0,0.0,0.0,0.0
baseline,1,w_queue,0.0,60.0,0.0,0.0,0.0
baseline,1,n_queue,60.0,120.0,1.03,4.0,0.0
baseline,1,s_queue,60.0,120.0,0.62,2.0,0.0
baseline,1,e_queue,60.0,120.0,1.02,3.0,0.0
baseline,1,w_queue,60.0,120.0,1.23,3.0,0.0
baseline,1,n_queue,120.0,180.0,1.25,5.0,0.0
baseline,1,s_queue,120.0,180.0,0.82,3.0,0.0
baseline,1,e_queue,120.0,180.0,1.2,3.0,0.0
baseline,1,w_queue,120.0,180.0,0.97,3.0,0.0
baseline,1,n_queue,180.0,240.0,2.03,6.0,0.0
baseline,1,s_queue,180.0,240.0,1.02,3.0,0.0
baseline,1,e_queue,180.0,240.0,0.95,3.0,0.0
baseline,1,w_queue,180.0,240.0,0.43,1.0,0.0
baseline,1,n_queue,240.0,300.0,1.95,5.0,0.0
baseline,1,s_queue,240.0,300.0,0.92,3.0,0.0
baseline,1,e_queue,240.0,300.0,0.9,3.0,0.0
baseline,1,w_queue,240.0,300.0,0.55,2.0,0.0
baseline,1,n_queue,300.0,360.0,1.67,5.0,0.0
baseline,1,s_queue,300.0,360.0,1.05,3.0,0.0
baseline,1,e_queue,300.0,360.0,1.03,3.0,0.0
baseline,1,w_queue,300.0,360.0,0.88,3.0,0.0
baseline,1,n_queue,360.0,420.0,1.32,5.0,0.0
baseline,1,s_queue,360.0,420.0,1.0,3.0,0.0
baseline,1,e_queue,360.0,420.0,1.07,3.0,0.0
baseline,1,w_queue,360.0,420.0,1.08,3.0,0.0
baseline,1,n_queue,420.0,480.0,1.02,4.0,0.0
baseline,1,s_queue,420.0,480.0,0.43,2.0,0.0
baseline,1,e_queue,420.0,480.0,1.07,3.0,0.0
baseline,1,w_queue,420.0,480.0,0.83,3.0,0.0
baseline,1,n_queue,480.0,540.0,1.1,5.0,0.0
baseline,1,s_queue,480.0,540.0,0.63,3.0,0.0
baseline,1,e_queue,480.0,540.0,1.27,3.0,0.0
baseline,1,w_queue,480.0,540.0,1.53,3.0,0.0
baseline,1,n_queue,540.0,600.0,1.63,5.0,0.0
baseline,1,s_queue,540.0,600.0,0.77,3.0,0.0
baseline,1,e_queue,540.0,600.0,1.27,3.0,0.0
baseline,1,w_queue,540.0,600.0,1.28,3.0,0.0
baseline,1,n_queue,600.0,660.0,1.6,5.0,0.0
baseline,1,s_queue,600.0,660.0,0.98,3.0,0.0
baseline,1,e_queue,600.0,660.0,0.68,2.0,0.0
baseline,1,w_queue,600.0,660.0,0.67,2.0,0.0
baseline,1,n_queue,660.0,720.0,2.0,6.0,0.0
baseline,1,s_queue,660.0,720.0,1.17,3.0,0.0
baseline,1,e_queue,660.0,720.0,0.83,3.0,0.0
baseline,1,w_queue,660.0,720.0,0.68,3.0,0.0
baseline,1,n_queue,720.0,780.0,1.98,5.0,0.0
baseline,1,s_queue,720.0,780.0,1.32,3.0,0.0
baseline,1,e_queue,720.0,780.0,1.03,3.0,0.0
baseline,1,w_queue,720.0,780.0,0.82,3.0,0.0
baseline,1,n_queue,780.0,840.0,1.63,6.0,0.0
baseline,1,s_queue,780.0,840.0,0.6,3.0,0.0
baseline,1,e_queue,780.0,840.0,0.95,3.0,0.0
baseline,1,w_queue,780.0,840.0,0.87,3.0,0.0
baseline,1,n_queue,840.0,900.0,1.1,5.0,0.0
baseline,1,s_queue,840.0,900.0,0.45,2.0,0.0
baseline,1,e_queue,840.0,900.0,0.98,3.0,0.0
baseline,1,w_queue,840.0,900.0,1.47,3.0,0.0
baseline,1,n_queue,900.0,960.0,1.47,5.0,0.0
baseline,1,s_queue,900.0,960.0,0.63,2.0,0.0
baseline,1,e_queue,900.0,960.0,1.15,3.0,0.0
baseline,1,w_queue,900.0,960.0,0.92,3.0,0.0
baseline,1,n_queue,960.0,1020.0,1.95,6.0,0.0
baseline,1,s_queue,960.0,1020.0,0.82,3.0,0.0
baseline,1,e_queue,960.0,1020.0,1.5,4.0,0.0
baseline,1,w_queue,960.0,1020.0,0.98,3.0,0.0
baseline,1,n_queue,1020.0,1080.0,2.18,6.0,0.0
baseline,1,s_queue,1020.0,1080.0,1.17,3.0,0.0
baseline,1,e_queue,1020.0,1080.0,0.88,3.0,0.0
baseline,1,w_queue,1020.0,1080.0,0.9,3.0,0.0
baseline,1,n_queue,1080.0,1140.0,2.75,6.0,0.0
baseline,1,s_queue,1080.0,1140.0,1.35,4.0,0.0
baseline,1,e_queue,1080.0,1140.0,0.93,3.0,0.0
baseline,1,w_queue,1080.0,1140.0,1.07,4.0,0.0
baseline,1,n_queue,1140.0,1200.0,3.15,7.0,0.0
baseline,1,s_queue,1140.0,1200.0,0.8,2.0,0.0
baseline,1,e_queue,1140.0,1200.0,0.9,3.0,0.0
baseline,1,w_queue,1140.0,1200.0,1.03,3.0,0.0
baseline,1,n_queue,1200.0,1260.0,1.62,5.0,0.0
baseline,1,s_queue,1200.0,1260.0,1.15,4.0,0.0
baseline,1,e_queue,1200.0,1260.0,1.18,3.0,0.0
baseline,1,w_queue,1200.0,1260.0,1.22,3.0,0.0
baseline,1,n_queue,1260.0,1320.0,1.18,4.0,0.0
baseline,1,s_queue,1260.0,1320.0,0.62,3.0,0.0
baseline,1,e_queue,1260.0,1320.0,1.42,4.0,0.0
baseline,1,w_queue,1260.0,1320.0,1.23,3.0,0.0
baseline,1,n_queue,1320.0,1380.0,1.42,6.0,0.0
baseline,1,s_queue,1320.0,1380.0,0.65,3.0,0.0
baseline,1,e_queue,1320.0,1380.0,1.2,4.0,0.0
baseline,1,w_queue,1320.0,1380.0,1.28,3.0,0.0
baseline,1,n_queue,1380.0,1440.0,2.13,6.0,0.0
baseline,1,s_queue,1380.0,1440.0,0.77,3.0,0.0
baseline,1,e_queue,1380.0,1440.0,1.37,4.0,0.0
baseline,1,w_queue,1380.0,1440.0,1.18,3.0,0.0
baseline,1,n_queue,1440.0,1500.0,2.98,8.0,0.0
baseline,1,s_queue,1440.0,1500.0,1.35,4.0,0.0
baseline,1,e_queue,1440.0,1500.0,0.92,3.0,0.0
baseline,1,w_queue,1440.0,1500.0,0.95,3.0,0.0
baseline,1,n_queue,1500.0,1560.0,2.4,7.0,0.0
baseline,1,s_queue,1500.0,1560.0,1.32,3.0,0.0
baseline,1,e_queue,1500.0,1560.0,0.97,4.0,0.0
baseline,1,w_queue,1500.0,1560.0,0.92,4.0,0.0
baseline,1,n_queue,1560.0,1620.0,2.77,7.0,0.0
baseline,1,s_queue,1560.0,1620.0,0.85,3.0,0.0
baseline,1,e_queue,1560.0,1620.0,1.07,3.0,0.0
baseline,1,w_queue,1560.0,1620.0,0.77,3.0,0.0
baseline,1,n_queue,1620.0,1680.0,1.73,6.0,0.0
baseline,1,s_queue,1620.0,1680.0,0.83,3.0,0.0
baseline,1,e_queue,1620.0,1680.0,1.25,3.0,0.0
baseline,1,w_queue,1620.0,1680.0,0.95,3.0,0.0
baseline,1,n_queue,1680.0,1740.0,1.43,6.0,0.0
baseline,1,s_queue,1680.0,1740.0,0.58,2.0,0.0
baseline,1,e_queue,1680.0,1740.0,1.4,4.0,0.0
baseline,1,w_queue,1680.0,1740.0,1.22,3.0,0.0
baseline,1,n_queue,1740.0,1800.0,1.58,6.0,0.0
baseline,1,s_queue,1740.0,1800.0,0.93,3.0,0.0
baseline,1,e_queue,1740.0,1800.0,1.32,3.0,0.0
baseline,1,w_queue,1740.0,1800.0,1.37,4.0,0.0
baseline,1,n_queue,1800.0,1860.0,1.75,6.0,0.0
baseline,1,s_queue,1800.0,1860.0,1.1,4.0,0.0
baseline,1,e_queue,1800.0,1860.0,1.63,4.0,0.0
baseline,1,w_queue,1800.0,1860.0,1.33,3.0,0.0
baseline,1,n_queue,1860.0,1920.0,2.67,7.0,0.0
baseline,1,s_queue,1860.0,1920.0,1.37,4.0,0.0
baseline,1,e_queue,1860.0,1920.0,1.08,4.0,0.0
baseline,1,w_queue,1860.0,1920.0,0.92,3.0,0.0
baseline,1,n_queue,1920.0,1980.0,2.6,7.0,0.0
baseline,1,s_queue,1920.0,1980.0,1.28,4.0,0.0
baseline,1,e_queue,1920.0,1980.0,1.32,4.0,0.0
baseline,1,w_queue,1920.0,1980.0,1.02,4.0,0.0
baseline,1,n_queue,1980.0,2040.0,2.9,7.0,0.0
baseline,1,s_queue,1980.0,2040.0,1.15,4.0,0.0
baseline,1,e_queue,1980.0,2040.0,1.3,4.0,0.0
baseline,1,w_queue,1980.0,2040.0,1.25,4.0,0.0
baseline,1,n_queue,2040.0,2100.0,2.45,8.0,0.0
baseline,1,s_queue,2040.0,2100.0,1.52,4.0,0.0
baseline,1,e_queue,2040.0,2100.0,1.67,4.0,0.0
baseline,1,w_queue,2040.0,2100.0,1.35,4.0,0.0
baseline,1,n_queue,2100.0,2160.0,1.68,7.0,0.0
baseline,1,s_queue,2100.0,2160.0,0.85,3.0,0.0
baseline,1,e_queue,2100.0,2160.0,1.95,4.0,0.0
baseline,1,w_queue,2100.0,2160.0,1.27,3.0,0.0
baseline,1,n_queue,2160.0,2220.0,2.08,7.0,0.0
baseline,1,s_queue,2160.0,2220.0,1.13,4.0,0.0
baseline,1,e_queue,2160.0,2220.0,1.68,4.0,0.0
baseline,1,w_queue,2160.0,2220.0,0.88,3.0,0.0
baseline,1,n_queue,2220.0,2280.0,1.97,6.0,0.0
baseline,1,s_queue,2220.0,2280.0,1.17,4.0,0.0
baseline,1,e_queue,2220.0,2280.0,1.53,4.0,0.0
baseline,1,w_queue,2220.0,2280.0,1.35,4.0,0.0
baseline,1,n_queue,2280.0,2340.0,2.58,7.0,0.0
baseline,1,s_queue,2280.0,2340.0,1.07,4.0,0.0
baseline,1,e_queue,2280.0,2340.0,1.33,4.0,0.0
baseline,1,w_queue,2280.0,2340.0,0.97,3.0,0.0
baseline,1,n_queue,2340.0,2400.0,2.92,7.0,0.0
baseline,1,s_queue,2340.0,2400.0,1.13,4.0,0.0
baseline,1,e_queue,2340.0,2400.0,1.25,5.0,0.0
baseline,1,w_queue,2340.0,2400.0,1.1,4.0,0.0
baseline,1,n_queue,2400.0,2460.0,2.87,7.0,0.0
baseline,1,s_queue,2400.0,2460.0,1.4,4.0,0.0
baseline,1,e_queue,2400.0,2460.0,1.38,4.0,0.0
baseline,1,w_queue,2400.0,2460.0,1.13,4.0,0.0
baseline,1,n_queue,2460.0,2520.0,2.08,7.0,0.0
baseline,1,s_queue,2460.0,2520.0,1.12,4.0,0.0
baseline,1,e_queue,2460.0,2520.0,1.63,4.0,0.0
baseline,1,w_queue,2460.0,2520.0,1.42,4.0,0.0
baseline,1,n_queue,2520.0,2580.0,1.63,6.0,0.0
baseline,1,s_queue,2520.0,2580.0,0.7,3.0,0.0
baseline,1,e_queue,2520.0,2580.0,1.88,4.0,0.0
baseline,1,w_queue,2520.0,2580.0,1.53,4.0,0.0
baseline,1,n_queue,2580.0,2640.0,2.05,7.0,0.0
baseline,1,s_queue,2580.0,2640.0,1.07,4.0,0.0
baseline,1,e_queue,2580.0,2640.0,1.58,4.0,0.0
baseline,1,w_queue,2580.0,2640.0,1.5,4.0,0.0
baseline,1,n_queue,2640.0,2700.0,2.32,7.0,0.0
baseline,1,s_queue,2640.0,2700.0,1.22,4.0,0.0
baseline,1,e_queue,2640.0,2700.0,1.3,4.0,0.0
baseline,1,w_queue,2640.0,2700.0,1.45,4.0,0.0
baseline,1,n_queue,2700.0,2760.0,2.12,6.0,0.0
baseline,1,s_queue,2700.0,2760.0,1.4,4.0,0.0
baseline,1,e_queue,2700.0,2760.0,1.07,3.0,0.0
baseline,1,w_queue,2700.0,2760.0,0.95,3.0,0.0
baseline,1,n_queue,2760.0,2820.0,3.13,7.0,0.0
baseline,1,s_queue,2760.0,2820.0,1.2,3.0,0.0
baseline,1,e_queue,2760.0,2820.0,1.03,4.0,0.0
baseline,1,w_queue,2760.0,2820.0,1.03,4.0,0.0
baseline,1,n_queue,2820.0,2880.0,2.52,6.0,0.0
baseline,1,s_queue,2820.0,2880.0,1.18,3.0,0.0
baseline,1,e_queue,2820.0,2880.0,1.17,4.0,0.0
baseline,1,w_queue,2820.0,2880.0,1.03,3.0,0.0
baseline,1,n_queue,2880.0,2940.0,2.18,7.0,0.0
baseline,1,s_queue,2880.0,2940.0,1.25,4.0,0.0
baseline,1,e_queue,2880.0,2940.0,1.37,4.0,0.0
baseline,1,w_queue,2880.0,2940.0,1.15,4.0,0.0
baseline,1,n_queue,2940.0,3000.0,1.85,6.0,0.0
baseline,1,s_queue,2940.0,3000.0,0.68,3.0,0.0
baseline,1,e_queue,2940.0,3000.0,1.42,4.0,0.0
baseline,1,w_queue,2940.0,3000.0,1.55,3.0,0.0
baseline,1,n_queue,3000.0,3060.0,2.22,7.0,0.0
baseline,1,s_queue,3000.0,3060.0,0.83,4.0,0.0
baseline,1,e_queue,3000.0,3060.0,1.82,5.0,0.0
baseline,1,w_queue,3000.0,3060.0,1.6,4.0,0.0
baseline,1,n_queue,3060.0,3120.0,2.55,7.0,0.0
baseline,1,s_queue,3060.0,3120.0,0.92,4.0,0.0
baseline,1,e_queue,3060.0,3120.0,1.52,4.0,0.0
baseline,1,w_queue,3060.0,3120.0,1.53,4.0,0.0
baseline,1,n_queue,3120.0,3180.0,3.02,7.0,0.0
baseline,1,s_queue,3120.0,3180.0,1.17,3.0,0.0
baseline,1,e_queue,3120.0,3180.0,1.25,3.0,0.0
baseline,1,w_queue,3120.0,3180.0,1.0,3.0,0.0
baseline,1,n_queue,3180.0,3240.0,2.48,7.0,0.0
baseline,1,s_queue,3180.0,3240.0,1.0,3.0,0.0
baseline,1,e_queue,3180.0,3240.0,1.33,5.0,0.0
baseline,1,w_queue,3180.0,3240.0,0.93,4.0,0.0
baseline,1,n_queue,3240.0,3300.0,2.82,7.0,0.0
baseline,1,s_queue,3240.0,3300.0,0.97,4.0,0.0
baseline,1,e_queue,3240.0,3300.0,1.47,4.0,0.0
baseline,1,w_queue,3240.0,3300.0,1.12,3.0,0.0
baseline,1,n_queue,3300.0,3360.0,2.27,7.0,0.0
baseline,1,s_queue,3300.0,3360.0,1.05,4.0,0.0
baseline,1,e_queue,3300.0,3360.0,1.37,4.0,0.0
baseline,1,w_queue,3300.0,3360.0,1.07,3.0,0.0
baseline,1,n_queue,3360.0,3420.0,1.83,6.0,0.0
baseline,1,s_queue,3360.0,3420.0,0.75,3.0,0.0
baseline,1,e_queue,3360.0,3420.0,1.47,4.0,0.0
baseline,1,w_queue,3360.0,3420.0,1.58,4.0,0.0
baseline,1,n_queue,3420.0,3480.0,2.43,8.0,0.0
baseline,1,s_queue,3420.0,3480.0,0.93,4.0,0.0
baseline,1,e_queue,3420.0,3480.0,1.52,4.0,0.0
baseline,1,w_queue,3420.0,3480.0,1.18,3.0,0.0
baseline,1,n_queue,3480.0,3540.0,2.63,8.0,0.0
baseline,1,s_queue,3480.0,3540.0,1.05,4.0,0.0
baseline,1,e_queue,3480.0,3540.0,2.13,5.0,0.0
baseline,1,w_queue,3480.0,3540.0,1.52,4.0,0.0
baseline,1,n_queue,3540.0,3600.0,2.88,7.0,0.0
baseline,1,s_queue,3540.0,3600.0,1.12,3.0,0.0
baseline,1,e_queue,3540.0,3600.0,1.28,3.0,0.0
baseline,1,w_queue,3540.0,3600.0,0.82,3.0,0.0
baseline,1,n_queue,3600.0,3660.0,1.6,5.0,0.0
baseline,1,s_queue,3600.0,3660.0,0.88,3.0,0.0
baseline,1,e_queue,3600.0,3660.0,1.12,4.0,0.0
baseline,1,w_queue,3600.0,3660.0,0.57,4.0,0.0
baseline,1,n_queue,3660.0,3720.0,0.0,0.0,0.0
baseline,1,s_queue,3660.0,3720.0,0.0,0.0,0.0
baseline,1,e_queue,3660.0,3720.0,0.3,1.0,0.0
baseline,1,w_queue,3660.0,3720.0,0.0,0.0,0.0
baseline,1,n_queue,3720.0,3780.0,0.0,0.0,0.0
baseline,1,s_queue,3720.0,3780.0,0.0,0.0,0.0
baseline,1,e_queue,3720.0,3780.0,0.0,0.0,0.0
baseline,1,w_queue,3720.0,3780.0,0.0,0.0,0.0
baseline,1,n_queue,3780.0,3840.0,0.0,0.0,0.0
baseline,1,s_queue,3780.0,3840.0,0.0,0.0,0.0
baseline,1,e_queue,3780.0,3840.0,0.0,0.0,0.0
baseline,1,w_queue,3780.0,3840.0,0.0,0.0,0.0
baseline,1,n_queue,3840.0,3900.0,0.0,0.0,0.0
baseline,1,s_queue,3840.0,3900.0,0.0,0.0,0.0
baseline,1,e_queue,3840.0,3900.0,0.0,0.0,0.0
baseline,1,w_queue,3840.0,3900.0,0.0,0.0,0.0
baseline,1,n_queue,3900.0,3960.0,0.0,0.0,0.0
baseline,1,s_queue,3900.0,3960.0,0.0,0.0,0.0
baseline,1,e_queue,3900.0,3960.0,0.0,0.0,0.0
baseline,1,w_queue,3900.0,3960.0,0.0,0.0,0.0
baseline,1,n_queue,3960.0,4020.0,0.0,0.0,0.0
baseline,1,s_queue,3960.0,4020.0,0.0,0.0,0.0
baseline,1,e_queue,3960.0,4020.0,0.0,0.0,0.0
baseline,1,w_queue,3960.0,4020.0,0.0,0.0,0.0
baseline,1,n_queue,4020.0,4080.0,0.0,0.0,0.0
baseline,1,s_queue,4020.0,4080.0,0.0,0.0,0.0
baseline,1,e_queue,4020.0,4080.0,0.0,0.0,0.0
baseline,1,w_queue,4020.0,4080.0,0.0,0.0,0.0
baseline,1,n_queue,4080.0,4140.0,0.0,0.0,0.0
baseline,1,s_queue,4080.0,4140.0,0.0,0.0,0.0
baseline,1,e_queue,4080.0,4140.0,0.0,0.0,0.0
baseline,1,w_queue,4080.0,4140.0,0.0,0.0,0.0
baseline,1,n_queue,4140.0,4200.0,0.0,0.0,0.0
baseline,1,s_queue,4140.0,4200.0,0.0,0.0,0.0
baseline,1,e_queue,4140.0,4200.0,0.0,0.0,0.0
baseline,1,w_queue,4140.0,4200.0,0.0,0.0,0.0
baseline,1,n_queue,4200.0,4260.0,0.0,0.0,0.0
baseline,1,s_queue,4200.0,4260.0,0.0,0.0,0.0
baseline,1,e_queue,4200.0,4260.0,0.0,0.0,0.0
baseline,1,w_queue,4200.0,4260.0,0.0,0.0,0.0
baseline,1,n_queue,4260.0,4320.0,0.0,0.0,0.0
baseline,1,s_queue,4260.0,4320.0,0.0,0.0,0.0
baseline,1,e_queue,4260.0,4320.0,0.0,0.0,0.0
baseline,1,w_queue,4260.0,4320.0,0.0,0.0,0.0
baseline,1,n_queue,4320.0,4380.0,0.0,0.0,0.0
baseline,1,s_queue,4320.0,4380.0,0.0,0.0,0.0
baseline,1,e_queue,4320.0,4380.0,0.0,0.0,0.0
baseline,1,w_queue,4320.0,4380.0,0.0,0.0,0.0
baseline,1,n_queue,4380.0,4440.0,0.0,0.0,0.0
baseline,1,s_queue,4380.0,4440.0,0.0,0.0,0.0
baseline,1,e_queue,4380.0,4440.0,0.0,0.0,0.0
baseline,1,w_queue,4380.0,4440.0,0.0,0.0,0.0
baseline,1,n_queue,4440.0,4500.0,0.0,0.0,0.0
baseline,1,s_queue,4440.0,4500.0,0.0,0.0,0.0
baseline,1,e_queue,4440.0,4500.0,0.0,0.0,0.0
baseline,1,w_queue,4440.0,4500.0,0.0,0.0,0.0
baseline,2,n_queue,0.0,60.0,0.57,3.0,0.0
baseline,2,s_queue,0.0,60.0,0.45,2.0,0.0
baseline,2,e_queue,0.0,60.0,0.0,0.0,0.0
baseline,2,w_queue,0.0,60.0,0.0,0.0,0.0
baseline,2,n_queue,60.0,120.0,1.1,4.0,0.0
baseline,2,s_queue,60.0,120.0,0.63,3.0,0.0
baseline,2,e_queue,60.0,120.0,1.13,3.0,0.0
baseline,2,w_queue,60.0,120.0,0.88,3.0,0.0
baseline,2,n_queue,120.0,180.0,1.25,5.0,0.0
baseline,2,s_queue,120.0,180.0,0.85,3.0,0.0
baseline,2,e_queue,120.0,180.0,1.27,3.0,0.0
baseline,2,w_queue,120.0,180.0,1.47,3.0,0.0
baseline,2,n_queue,180.0,240.0,1.97,5.0,0.0
baseline,2,s_queue,180.0,240.0,1.05,3.0,0.0
baseline,2,e_queue,180.0,240.0,0.65,2.0,0.0
baseline,2,w_queue,180.0,240.0,0.85,3.0,0.0
baseline,2,n_queue,240.0,300.0,1.88,5.0,0.0
baseline,2,s_queue,240.0,300.0,0.93,3.0,0.0
baseline,2,e_queue,240.0,300.0,0.7,2.0,0.0
baseline,2,w_queue,240.0,300.0,0.77,3.0,0.0
baseline,2,n_queue,300.0,360.0,2.25,6.0,0.0
baseline,2,s_queue,300.0,360.0,0.95,3.0,0.0
baseline,2,e_queue,300.0,360.0,0.92,3.0,0.0
baseline,2,w_queue,300.0,360.0,0.8,2.0,0.0
baseline,2,n_queue,360.0,420.0,1.73,6.0,0.0
baseline,2,s_queue,360.0,420.0,0.78,3.0,0.0
baseline,2,e_queue,360.0,420.0,1.07,3.0,0.0
baseline,2,w_queue,360.0,420.0,1.0,3.0,0.0
baseline,2,n_queue,420.0,480.0,1.2,5.0,0.0
baseline,2,s_queue,420.0,480.0,0.55,2.0,0.0
baseline,2,e_queue,420.0,480.0,1.37,3.0,0.0
baseline,2,w_queue,420.0,480.0,1.17,3.0,0.0
baseline,2,n_queue,480.0,540.0,1.68,5.0,0.0
baseline,2,s_queue,480.0,540.0,0.7,2.0,0.0
baseline,2,e_queue,480.0,540.0,1.4,4.0,0.0
baseline,2,w_queue,480.0,540.0,1.08,3.0,0.0
baseline,2,n_queue,540.0,600.0,1.82,6.0,0.0
baseline,2,s_queue,540.0,600.0,1.03,4.0,0.0
baseline,2,e_queue,540.0,600.0,1.27,3.0,0.0
baseline,2,w_queue,540.0,600.0,0.88,2.0,0.0
baseline,2,n_queue,600.0,660.0,1.82,5.0,0.0
baseline,2,s_queue,600.0,660.0,0.92,3.0,0.0
baseline,2,e_queue,600.0,660.0,0.65,2.0,0.0
baseline,2,w_queue,600.0,660.0,0.7,2.0,0.0
baseline,2,n_queue,660.0,720.0,1.75,5.0,0.0
baseline,2,s_queue,660.0,720.0,1.18,3.0,0.0
baseline,2,e_queue,660.0,720.0,0.82,3.0,0.0
baseline,2,w_queue,660.0,720.0,0.97,3.0,0.0
baseline,2,n_queue,720.0,780.0,1.75,5.0,0.0
baseline,2,s_queue,720.0,780.0,0.88,3.0,0.0
baseline,2,e_queue,720.0,780.0,0.98,3.0,0.0
baseline,2,w_queue,720.0,780.0,0.8,2.0,0.0
baseline,2,n_queue,780.0,840.0,1.63,5.0,0.0
baseline,2,s_queue,780.0,840.0,0.58,3.0,0.0
baseline,2,e_queue,780.0,840.0,1.1,3.0,0.0
baseline,2,w_queue,780.0,840.0,1.15,3.0,0.0
baseline,2,n_queue,840.0,900.0,1.05,4.0,0.0
baseline,2,s_queue,840.0,900.0,0.52,2.0,0.0
baseline,2,e_queue,840.0,900.0,1.45,3.0,0.0
baseline,2,w_queue,840.0,900.0,1.47,3.0,0.0
baseline,2,n_queue,900.0,960.0,1.3,5.0,0.0
baseline,2,s_queue,900.0,960.0,0.65,3.0,0.0
baseline,2,e_queue,900.0,960.0,1.23,3.0,0.0
baseline,2,w_queue,900.0,960.0,1.32,3.0,0.0
baseline,2,n_queue,960.0,1020.0,1.87,6.0,0.0
baseline,2,s_queue,960.0,1020.0,0.93,3.0,0.0
baseline,2,e_queue,960.0,1020.0,1.43,4.0,0.0
baseline,2,w_queue,960.0,1020.0,1.1,3.0,0.0
baseline,2,n_queue,1020.0,1080.0,2.35,6.0,0.0
baseline,2,s_queue,1020.0,1080.0,1.2,3.0,0.0
baseline,2,e_queue,1020.0,1080.0,0.83,3.0,0.0
baseline,2,w_queue,1020.0,1080.0,0.88,3.0,0.0
baseline,2,n_queue,1080.0,1140.0,2.07,5.0,0.0
baseline,2,s_queue,1080.0,1140.0,1.22,4.0,0.0
baseline,2,e_queue,1080.0,1140.0,0.98,4.0,0.0
baseline,2,w_queue,1080.0,1140.0,1.28,4.0,0.0
baseline,2,n_queue,1140.0,1200.0,3.0,7.0,0.0
baseline,2,s_queue,1140.0,1200.0,0.9,3.0,0.0
baseline,2,e_queue,1140.0,1200.0,1.08,3.0,0.0
baseline,2,w_queue,1140.0,1200.0,1.3,4.0,0.0
baseline,2,n_queue,1200.0,1260.0,1.32,4.0,0.0
baseline,2,s_queue,1200.0,1260.0,0.82,3.0,0.0
baseline,2,e_queue,1200.0,1260.0,1.32,4.0,0.0
baseline,2,w_queue,1200.0,1260.0,1.22,3.0,0.0
baseline,2,n_queue,1260.0,1320.0,1.0,4.0,0.0
baseline,2,s_queue,1260.0,1320.0,0.57,2.0,0.0
baseline,2,e_queue,1260.0,1320.0,1.38,3.0,0.0
baseline,2,w_queue,1260.0,1320.0,1.17,3.0,0.0
baseline,2,n_queue,1320.0,1380.0,1.47,6.0,0.0
baseline,2,s_queue,1320.0,1380.0,0.77,3.0,0.0
baseline,2,e_queue,1320.0,1380.0,1.33,3.0,0.0
baseline,2,w_queue,1320.0,1380.0,1.47,3.0,0.0
baseline,2,n_queue,1380.0,1440.0,2.05,7.0,0.0
baseline,2,s_queue,1380.0,1440.0,1.07,4.0,0.0
baseline,2,e_queue,1380.0,1440.0,1.37,4.0,0.0
baseline,2,w_queue,1380.0,1440.0,1.57,4.0,0.0
baseline,2,n_queue,1440.0,1500.0,1.97,6.0,0.0
baseline,2,s_queue,1440.0,1500.0,1.33,4.0,0.0
baseline,2,e_queue,1440.0,1500.0,0.93,3.0,0.0
baseline,2,w_queue,1440.0,1500.0,0.55,3.0,0.0
baseline,2,n_queue,1500.0,1560.0,2.27,6.0,0.0
baseline,2,s_queue,1500.0,1560.0,1.03,3.0,0.0
baseline,2,e_queue,1500.0,1560.0,1.02,3.0,0.0
baseline,2,w_queue,1500.0,1560.0,0.78,3.0,0.0
baseline,2,n_queue,1560.0,1620.0,2.72,7.0,0.0
baseline,2,s_queue,1560.0,1620.0,1.35,4.0,0.0
baseline,2,e_queue,1560.0,1620.0,1.2,4.0,0.0
baseline,2,w_queue,1560.0,1620.0,0.8,3.0,0.0
baseline,2,n_queue,1620.0,1680.0,1.78,5.0,0.0
baseline,2,s_queue,1620.0,1680.0,0.85,3.0,0.0
baseline,2,e_queue,1620.0,1680.0,1.15,3.0,0.0
baseline,2,w_queue,1620.0,1680.0,1.02,3.0,0.0
baseline,2,n_queue,1680.0,1740.0,1.33,5.0,0.0
baseline,2,s_queue,1680.0,1740.0,0.82,3.0,0.0
baseline,2,e_queue,1680.0,1740.0,1.35,3.0,0.0
baseline,2,w_queue,1680.0,1740.0,1.42,3.0,0.0
baseline,2,n_queue,1740.0,1800.0,1.6,5.0,0.0
baseline,2,s_queue,1740.0,1800.0,0.93,4.0,0.0
baseline,2,e_queue,1740.0,1800.0,1.23,3.0,0.0
baseline,2,w_queue,1740.0,1800.0,1.38,3.0,0.0
baseline,2,n_queue,1800.0,1860.0,1.9,6.0,0.0
baseline,2,s_queue,1800.0,1860.0,0.98,3.0,0.0
baseline,2,e_queue,1800.0,1860.0,1.22,3.0,0.0
baseline,2,w_queue,1800.0,1860.0,1.4,4.0,0.0
baseline,2,n_queue,1860.0,1920.0,2.27,7.0,0.0
baseline,2,s_queue,1860.0,1920.0,1.27,4.0,0.0
baseline,2,e_queue,1860.0,1920.0,0.88,3.0,0.0
baseline,2,w_queue,1860.0,1920.0,0.82,3.0,0.0
baseline,2,n_queue,1920.0,1980.0,3.02,8.0,0.0
baseline,2,s_queue,1920.0,1980.0,1.27,3.0,0.0
baseline,2,e_queue,1920.0,1980.0,1.08,4.0,0.0
baseline,2,w_queue,1920.0,1980.0,1.05,4.0,0.0
baseline,2,n_queue,1980.0,2040.0,2.92,8.0,0.0
baseline,2,s_queue,1980.0,2040.0,1.25,4.0,0.0
baseline,2,e_queue,1980.0,2040.0,1.2,4.0,0.0
baseline,2,w_queue,1980.0,2040.0,1.17,4.0,0.0
baseline,2,n_queue,2040.0,2100.0,2.02,7.0,0.0
baseline,2,s_queue,2040.0,2100.0,1.35,4.0,0.0
baseline,2,e_queue,2040.0,2100.0,1.28,4.0,0.0
baseline,2,w_queue,2040.0,2100.0,1.43,4.0,0.0
baseline,2,n_queue,2100.0,2160.0,1.4,6.0,0.0
baseline,2,s_queue,2100.0,2160.0,0.68,3.0,0.0
baseline,2,e_queue,2100.0,2160.0,1.52,4.0,0.0
baseline,2,w_queue,2100.0,2160.0,1.08,4.0,0.0
baseline,2,n_queue,2160.0,2220.0,1.98,7.0,0.0
baseline,2,s_queue,2160.0,2220.0,0.97,4.0,0.0
baseline,2,e_queue,2160.0,2220.0,1.37,4.0,0.0
baseline,2,w_queue,2160.0,2220.0,1.58,3.0,0.0
baseline,2,n_queue,2220.0,2280.0,2.3,7.0,0.0
baseline,2,s_queue,2220.0,2280.0,1.2,4.0,0.0
baseline,2,e_queue,2220.0,2280.0,1.92,5.0,0.0
baseline,2,w_queue,2220.0,2280.0,1.7,4.0,0.0
baseline,2,n_queue,2280.0,2340.0,3.15,8.0,0.0
baseline,2,s_queue,2280.0,2340.0,1.22,4.0,0.0
baseline,2,e_queue,2280.0,2340.0,1.18,4.0,0.0
baseline,2,w_queue,2280.0,2340.0,1.0,3.0,0.0
baseline,2,n_queue,2340.0,2400.0,3.05,8.0,0.0
baseline,2,s_queue,2340.0,2400.0,1.22,4.0,0.0
baseline,2,e_queue,2340.0,2400.0,1.27,4.0,0.0
baseline,2,w_queue,2340.0,2400.0,1.1,4.0,0.0
baseline,2,n_queue,2400.0,2460.0,2.75,7.0,0.0
baseline,2,s_queue,2400.0,2460.0,1.25,3.0,0.0
baseline,2,e_queue,2400.0,2460.0,1.18,4.0,0.0
baseline,2,w_queue,2400.0,2460.0,1.22,4.0,0.0
baseline,2,n_queue,2460.0,2520.0,2.02,7.0,0.0
baseline,2,s_queue,2460.0,2520.0,0.92,4.0,0.0
baseline,2,e_queue,2460.0,2520.0,1.45,4.0,0.0
baseline,2,w_queue,2460.0,2520.0,1.17,3.0,0.0
baseline,2,n_queue,2520.0,2580.0,1.78,6.0,0.0
baseline,2,s_queue,2520.0,2580.0,0.63,3.0,0.0
baseline,2,e_queue,2520.0,2580.0,1.37,4.0,0.0
baseline,2,w_queue,2520.0,2580.0,1.62,4.0,0.0
baseline,2,n_queue,2580.0,2640.0,2.13,7.0,0.0
baseline,2,s_queue,2580.0,2640.0,0.8,3.0,0.0
baseline,2,e_queue,2580.0,2640.0,1.65,4.0,0.0
baseline,2,w_queue,2580.0,2640.0,1.48,4.0,0.0
baseline,2,n_queue,2640.0,2700.0,2.13,6.0,0.0
baseline,2,s_queue,2640.0,2700.0,1.12,4.0,0.0
baseline,2,e_queue,2640.0,2700.0,1.68,4.0,0.0
baseline,2,w_queue,2640.0,2700.0,1.48,4.0,0.0
baseline,2,n_queue,2700.0,2760.0,2.58,7.0,0.0
baseline,2,s_queue,2700.0,2760.0,1.13,4.0,0.0
baseline,2,e_queue,2700.0,2760.0,1.1,3.0,0.0
baseline,2,w_queue,2700.0,2760.0,0.98,3.0,0.0
baseline,2,n_queue,2760.0,2820.0,2.47,7.0,0.0
baseline,2,s_queue,2760.0,2820.0,1.03,3.0,0.0
baseline,2,e_queue,2760.0,2820.0,1.03,4.0,0.0
baseline,2,w_queue,2760.0,2820.0,1.0,4.0,0.0
baseline,2,n_queue,2820.0,2880.0,2.97,7.0,0.0
baseline,2,s_queue,2820.0,2880.0,1.4,4.0,0.0
baseline,2,e_queue,2820.0,2880.0,1.23,4.0,0.0
baseline,2,w_queue,2820.0,2880.0,1.12,4.0,0.0
baseline,2,n_queue,2880.0,2940.0,1.78,6.0,0.0
baseline,2,s_queue,2880.0,2940.0,1.45,4.0,0.0
baseline,2,e_queue,2880.0,2940.0,1.35,4.0,0.0
baseline,2,w_queue,2880.0,2940.0,1.18,4.0,0.0
baseline,2,n_queue,2940.0,3000.0,1.25,5.0,0.0
baseline,2,s_queue,2940.0,3000.0,0.63,3.0,0.0
baseline,2,e_queue,2940.0,3000.0,1.52,4.0,0.0
baseline,2,w_queue,2940.0,3000.0,1.38,3.0,0.0
baseline,2,n_queue,3000.0,3060.0,1.63,6.0,0.0
baseline,2,s_queue,3000.0,3060.0,0.78,3.0,0.0
baseline,2,e_queue,3000.0,3060.0,1.3,4.0,0.0
baseline,2,w_queue,3000.0,3060.0,1.08,3.0,0.0
baseline,2,n_queue,3060.0,3120.0,2.08,6.0,0.0
baseline,2,s_queue,3060.0,3120.0,1.13,4.0,0.0
baseline,2,e_queue,3060.0,3120.0,1.4,4.0,0.0
baseline,2,w_queue,3060.0,3120.0,1.53,4.0,0.0
baseline,2,n_queue,3120.0,3180.0,2.33,6.0,0.0
baseline,2,s_queue,3120.0,3180.0,1.23,3.0,0.0
baseline,2,e_queue,3120.0,3180.0,0.92,3.0,0.0
baseline,2,w_queue,3120.0,3180.0,0.92,3.0,0.0
baseline,2,n_queue,3180.0,3240.0,2.9,7.0,0.0
baseline,2,s_queue,3180.0,3240.0,1.37,4.0,0.0
baseline,2,e_queue,3180.0,3240.0,1.05,4.0,0.0
baseline,2,w_queue,3180.0,3240.0,1.0,4.0,0.0
baseline,2,n_queue,3240.0,3300.0,2.9,7.0,0.0
baseline,2,s_queue,3240.0,3300.0,1.22,4.0,0.0
baseline,2,e_queue,3240.0,3300.0,1.23,4.0,0.0
baseline,2,w_queue,3240.0,3300.0,1.18,3.0,0.0
baseline,2,n_queue,3300.0,3360.0,2.18,7.0,0.0
baseline,2,s_queue,3300.0,3360.0,1.23,4.0,0.0
baseline,2,e_queue,3300.0,3360.0,1.32,4.0,0.0
baseline,2,w_queue,3300.0,3360.0,1.5,4.0,0.0
baseline,2,n_queue,3360.0,3420.0,1.58,6.0,0.0
baseline,2,s_queue,3360.0,3420.0,0.78,3.0,0.0
baseline,2,e_queue,3360.0,3420.0,1.47,4.0,0.0
baseline,2,w_queue,3360.0,3420.0,1.2,3.0,0.0
baseline,2,n_queue,3420.0,3480.0,1.83,6.0,0.0
baseline,2,s_queue,3420.0,3480.0,0.95,4.0,0.0
baseline,2,e_queue,3420.0,3480.0,1.48,4.0,0.0
baseline,2,w_queue,3420.0,3480.0,1.55,4.0,0.0
baseline,2,n_queue,3480.0,3540.0,2.08,7.0,0.0
baseline,2,s_queue,3480.0,3540.0,1.23,4.0,0.0
baseline,2,e_queue,3480.0,3540.0,1.5,4.0,0.0
baseline,2,w_queue,3480.0,3540.0,1.45,4.0,0.0
baseline,2,n_queue,3540.0,3600.0,2.48,7.0,0.0
baseline,2,s_queue,3540.0,3600.0,1.72,4.0,0.0
baseline,2,e_queue,3540.0,3600.0,0.98,3.0,0.0
baseline,2,w_queue,3540.0,3600.0,1.2,3.0,0.0
baseline,2,n_queue,3600.0,3660.0,1.97,6.0,0.0
baseline,2,s_queue,3600.0,3660.0,1.12,3.0,0.0
baseline,2,e_queue,3600.0,3660.0,0.72,3.0,0.0
baseline,2,w_queue,3600.0,3660.0,0.68,4.0,0.0
baseline,2,n_queue,3660.0,3720.0,0.0,0.0,0.0
baseline,2,s_queue,3660.0,3720.0,0.0,0.0,0.0
baseline,2,e_queue,3660.0,3720.0,0.3,1.0,0.0
baseline,2,w_queue,3660.0,3720.0,0.0,0.0,0.0
baseline,2,n_queue,3720.0,3780.0,0.0,0.0,0.0
baseline,2,s_queue,3720.0,3780.0,0.0,0.0,0.0
baseline,2,e_queue,3720.0,3780.0,0.0,0.0,0.0
baseline,2,w_queue,3720.0,3780.0,0.0,0.0,0.0
baseline,2,n_queue,3780.0,3840.0,0.0,0.0,0.0
baseline,2,s_queue,3780.0,3840.0,0.0,0.0,0.0
baseline,2,e_queue,3780.0,3840.0,0.0,0.0,0.0
baseline,2,w_queue,3780.0,3840.0,0.0,0.0,0.0
baseline,2,n_queue,3840.0,3900.0,0.0,0.0,0.0
baseline,2,s_queue,3840.0,3900.0,0.0,0.0,0.0
baseline,2,e_queue,3840.0,3900.0,0.0,0.0,0.0
baseline,2,w_queue,3840.0,3900.0,0.0,0.0,0.0
baseline,2,n_queue,3900.0,3960.0,0.0,0.0,0.0
baseline,2,s_queue,3900.0,3960.0,0.0,0.0,0.0
baseline,2,e_queue,3900.0,3960.0,0.0,0.0,0.0
baseline,2,w_queue,3900.0,3960.0,0.0,0.0,0.0
baseline,2,n_queue,3960.0,4020.0,0.0,0.0,0.0
baseline,2,s_queue,3960.0,4020.0,0.0,0.0,0.0
baseline,2,e_queue,3960.0,4020.0,0.0,0.0,0.0
baseline,2,w_queue,3960.0,4020.0,0.0,0.0,0.0
baseline,2,n_queue,4020.0,4080.0,0.0,0.0,0.0
baseline,2,s_queue,4020.0,4080.0,0.0,0.0,0.0
baseline,2,e_queue,4020.0,4080.0,0.0,0.0,0.0
baseline,2,w_queue,4020.0,4080.0,0.0,0.0,0.0
baseline,2,n_queue,4080.0,4140.0,0.0,0.0,0.0
baseline,2,s_queue,4080.0,4140.0,0.0,0.0,0.0
baseline,2,e_queue,4080.0,4140.0,0.0,0.0,0.0
baseline,2,w_queue,4080.0,4140.0,0.0,0.0,0.0
baseline,2,n_queue,4140.0,4200.0,0.0,0.0,0.0
baseline,2,s_queue,4140.0,4200.0,0.0,0.0,0.0
baseline,2,e_queue,4140.0,4200.0,0.0,0.0,0.0
baseline,2,w_queue,4140.0,4200.0,0.0,0.0,0.0
baseline,2,n_queue,4200.0,4260.0,0.0,0.0,0.0
baseline,2,s_queue,4200.0,4260.0,0.0,0.0,0.0
baseline,2,e_queue,4200.0,4260.0,0.0,0.0,0.0
baseline,2,w_queue,4200.0,4260.0,0.0,0.0,0.0
baseline,2,n_queue,4260.0,4320.0,0.0,0.0,0.0
baseline,2,s_queue,4260.0,4320.0,0.0,0.0,0.0
baseline,2,e_queue,4260.0,4320.0,0.0,0.0,0.0
baseline,2,w_queue,4260.0,4320.0,0.0,0.0,0.0
baseline,2,n_queue,4320.0,4380.0,0.0,0.0,0.0
baseline,2,s_queue,4320.0,4380.0,0.0,0.0,0.0
baseline,2,e_queue,4320.0,4380.0,0.0,0.0,0.0
baseline,2,w_queue,4320.0,4380.0,0.0,0.0,0.0
baseline,2,n_queue,4380.0,4440.0,0.0,0.0,0.0
baseline,2,s_queue,4380.0,4440.0,0.0,0.0,0.0
baseline,2,e_queue,4380.0,4440.0,0.0,0.0,0.0
baseline,2,w_queue,4380.0,4440.0,0.0,0.0,0.0
baseline,2,n_queue,4440.0,4500.0,0.0,0.0,0.0
baseline,2,s_queue,4440.0,4500.0,0.0,0.0,0.0
baseline,2,e_queue,4440.0,4500.0,0.0,0.0,0.0
baseline,2,w_queue,4440.0,4500.0,0.0,0.0,0.0
baseline,3,n_queue,0.0,60.0,0.58,3.0,0.0
baseline,3,s_queue,0.0,60.0,0.45,2.0,0.0
baseline,3,e_queue,0.0,60.0,0.0,0.0,0.0
baseline,3,w_queue,0.0,60.0,0.0,0.0,0.0
baseline,3,n_queue,60.0,120.0,1.15,4.0,0.0
baseline,3,s_queue,60.0,120.0,0.63,3.0,0.0
baseline,3,e_queue,60.0,120.0,1.07,3.0,0.0
baseline,3,w_queue,60.0,120.0,1.22,3.0,0.0
baseline,3,n_queue,120.0,180.0,1.87,6.0,0.0
baseline,3,s_queue,120.0,180.0,0.63,3.0,0.0
baseline,3,e_queue,120.0,180.0,1.3,3.0,0.0
baseline,3,w_queue,120.0,180.0,1.15,3.0,0.0
baseline,3,n_queue,180.0,240.0,1.87,6.0,0.0
baseline,3,s_queue,180.0,240.0,0.92,3.0,0.0
baseline,3,e_queue,180.0,240.0,0.67,2.0,0.0
baseline,3,w_queue,180.0,240.0,0.58,2.0,0.0
baseline,3,n_queue,240.0,300.0,1.98,6.0,0.0
baseline,3,s_queue,240.0,300.0,0.92,3.0,0.0
baseline,3,e_queue,240.0,300.0,0.65,2.0,0.0
baseline,3,w_queue,240.0,300.0,0.6,2.0,0.0
baseline,3,n_queue,300.0,360.0,1.7,5.0,0.0
baseline,3,s_queue,300.0,360.0,0.82,3.0,0.0
baseline,3,e_queue,300.0,360.0,0.95,3.0,0.0
baseline,3,w_queue,300.0,360.0,0.8,2.0,0.0
baseline,3,n_queue,360.0,420.0,1.83,6.0,0.0
baseline,3,s_queue,360.0,420.0,1.05,3.0,0.0
baseline,3,e_queue,360.0,420.0,1.15,3.0,0.0
baseline,3,w_queue,360.0,420.0,1.07,3.0,0.0
baseline,3,n_queue,420.0,480.0,1.32,5.0,0.0
baseline,3,s_queue,420.0,480.0,0.48,2.0,0.0
baseline,3,e_queue,420.0,480.0,1.37,3.0,0.0
baseline,3,w_queue,420.0,480.0,0.82,2.0,0.0
baseline,3,n_queue,480.0,540.0,1.3,5.0,0.0
baseline,3,s_queue,480.0,540.0,0.68,3.0,0.0
baseline,3,e_queue,480.0,540.0,1.42,3.0,0.0
baseline,3,w_queue,480.0,540.0,1.07,3.0,0.0
baseline,3,n_queue,540.0,600.0,1.55,5.0,0.0
baseline,3,s_queue,540.0,600.0,0.68,2.0,0.0
baseline,3,e_queue,540.0,600.0,1.27,3.0,0.0
baseline,3,w_queue,540.0,600.0,1.32,3.0,0.0
baseline,3,n_queue,600.0,660.0,1.68,5.0,0.0
baseline,3,s_queue,600.0,660.0,0.6,2.0,0.0
baseline,3,e_queue,600.0,660.0,0.68,2.0,0.0
baseline,3,w_queue,600.0,660.0,0.68,2.0,0.0
baseline,3,n_queue,660.0,720.0,1.78,5.0,0.0
baseline,3,s_queue,660.0,720.0,0.8,3.0,0.0
baseline,3,e_queue,660.0,720.0,1.0,3.0,0.0
baseline,3,w_queue,660.0,720.0,0.85,3.0,0.0
baseline,3,n_queue,720.0,780.0,1.7,5.0,0.0
baseline,3,s_queue,720.0,780.0,1.32,3.0,0.0
baseline,3,e_queue,720.0,780.0,1.17,4.0,0.0
baseline,3,w_queue,720.0,780.0,0.72,2.0,0.0
baseline,3,n_queue,780.0,840.0,1.5,5.0,0.0
baseline,3,s_queue,780.0,840.0,0.8,3.0,0.0
baseline,3,e_queue,780.0,840.0,1.12,3.0,0.0
baseline,3,w_queue,780.0,840.0,0.8,3.0,0.0
baseline,3,n_queue,840.0,900.0,1.32,5.0,0.0
baseline,3,s_queue,840.0,900.0,0.48,2.0,0.0
baseline,3,e_queue,840.0,900.0,1.03,3.0,0.0
baseline,3,w_queue,840.0,900.0,1.18,3.0,0.0
baseline,3,n_queue,900.0,960.0,1.8,6.0,0.0
baseline,3,s_queue,900.0,960.0,0.77,3.0,0.0
baseline,3,e_queue,900.0,960.0,1.28,3.0,0.0
baseline,3,w_queue,900.0,960.0,0.9,2.0,0.0
baseline,3,n_queue,960.0,1020.0,2.17,6.0,0.0
baseline,3,s_queue,960.0,1020.0,1.02,3.0,0.0
baseline,3,e_queue,960.0,1020.0,1.37,3.0,0.0
baseline,3,w_queue,960.0,1020.0,1.52,4.0,0.0
baseline,3,n_queue,1020.0,1080.0,2.0,6.0,0.0
baseline,3,s_queue,1020.0,1080.0,1.47,4.0,0.0
baseline,3,e_queue,1020.0,1080.0,0.87,3.0,0.0
baseline,3,w_queue,1020.0,1080.0,1.02,3.0,0.0
baseline,3,n_queue,1080.0,1140.0,2.28,6.0,0.0
baseline,3,s_queue,1080.0,1140.0,1.18,4.0,0.0
baseline,3,e_queue,1080.0,1140.0,1.13,4.0,0.0
baseline,3,w_queue,1080.0,1140.0,1.07,4.0,0.0
baseline,3,n_queue,1140.0,1200.0,2.02,6.0,0.0
baseline,3,s_queue,1140.0,1200.0,0.88,3.0,0.0
baseline,3,e_queue,1140.0,1200.0,1.13,3.0,0.0
baseline,3,w_queue,1140.0,1200.0,1.07,3.0,0.0
baseline,3,n_queue,1200.0,1260.0,1.72,6.0,0.0
baseline,3,s_queue,1200.0,1260.0,0.88,3.0,0.0
baseline,3,e_queue,1200.0,1260.0,1.45,4.0,0.0
baseline,3,w_queue,1200.0,1260.0,1.02,3.0,0.0
baseline,3,n_queue,1260.0,1320.0,1.25,5.0,0.0
baseline,3,s_queue,1260.0,1320.0,0.47,2.0,0.0
baseline,3,e_queue,1260.0,1320.0,1.82,4.0,0.0
baseline,3,w_queue,1260.0,1320.0,1.55,3.0,0.0
baseline,3,n_queue,1320.0,1380.0,1.55,6.0,0.0
baseline,3,s_queue,1320.0,1380.0,0.72,3.0,0.0
baseline,3,e_queue,1320.0,1380.0,1.3,3.0,0.0
baseline,3,w_queue,1320.0,1380.0,1.18,3.0,0.0
baseline,3,n_queue,1380.0,1440.0,1.58,5.0,0.0
baseline,3,s_queue,1380.0,1440.0,0.85,3.0,0.0
baseline,3,e_queue,1380.0,1440.0,1.32,4.0,0.0
baseline,3,w_queue,1380.0,1440.0,1.25,3.0,0.0
baseline,3,n_queue,1440.0,1500.0,2.35,7.0,0.0
baseline,3,s_queue,1440.0,1500.0,0.97,3.0,0.0
baseline,3,e_queue,1440.0,1500.0,1.1,3.0,0.0
baseline,3,w_queue,1440.0,1500.0,0.72,2.0,0.0
baseline,3,n_queue,1500.0,1560.0,2.37,6.0,0.0
baseline,3,s_queue,1500.0,1560.0,1.05,3.0,0.0
baseline,3,e_queue,1500.0,1560.0,1.1,4.0,0.0
baseline,3,w_queue,1500.0,1560.0,0.98,3.0,0.0
baseline,3,n_queue,1560.0,1620.0,2.12,5.0,0.0
baseline,3,s_queue,1560.0,1620.0,0.9,3.0,0.0
baseline,3,e_queue,1560.0,1620.0,1.2,3.0,0.0
baseline,3,w_queue,1560.0,1620.0,0.83,3.0,0.0
baseline,3,n_queue,1620.0,1680.0,1.82,5.0,0.0
baseline,3,s_queue,1620.0,1680.0,1.0,3.0,0.0
baseline,3,e_queue,1620.0,1680.0,1.5,4.0,0.0
baseline,3,w_queue,1620.0,1680.0,0.97,3.0,0.0
baseline,3,n_queue,1680.0,1740.0,1.13,4.0,0.0
baseline,3,s_queue,1680.0,1740.0,0.58,2.0,0.0
baseline,3,e_queue,1680.0,1740.0,1.23,3.0,0.0
baseline,3,w_queue,1680.0,1740.0,1.35,3.0,0.0
baseline,3,n_queue,1740.0,1800.0,1.82,6.0,0.0
baseline,3,s_queue,1740.0,1800.0,0.88,3.0,0.0
baseline,3,e_queue,1740.0,1800.0,1.32,4.0,0.0
baseline,3,w_queue,1740.0,1800.0,1.35,3.0,0.0
baseline,3,n_queue,1800.0,1860.0,2.1,7.0,0.0
baseline,3,s_queue,1800.0,1860.0,1.18,4.0,0.0
baseline,3,e_queue,1800.0,1860.0,1.13,4.0,0.0
baseline,3,w_queue,1800.0,1860.0,1.22,3.0,0.0
baseline,3,n_queue,1860.0,1920.0,2.43,7.0,0.0
baseline,3,s_queue,1860.0,1920.0,1.65,4.0,0.0
baseline,3,e_queue,1860.0,1920.0,0.97,3.0,0.0
baseline,3,w_queue,1860.0,1920.0,0.87,3.0,0.0
baseline,3,n_queue,1920.0,1980.0,2.7,7.0,0.0
baseline,3,s_queue,1920.0,1980.0,1.17,4.0,0.0
baseline,3,e_queue,1920.0,1980.0,1.33,4.0,0.0
baseline,3,w_queue,1920.0,1980.0,0.98,4.0,0.0
baseline,3,n_queue,1980.0,2040.0,2.78,7.0,0.0
baseline,3,s_queue,1980.0,2040.0,1.47,4.0,0.0
baseline,3,e_queue,1980.0,2040.0,1.37,5.0,0.0
baseline,3,w_queue,1980.0,2040.0,1.13,4.0,0.0
baseline,3,n_queue,2040.0,2100.0,1.73,6.0,0.0
baseline,3,s_queue,2040.0,2100.0,1.22,4.0,0.0
baseline,3,e_queue,2040.0,2100.0,1.38,4.0,0.0
baseline,3,w_queue,2040.0,2100.0,1.33,4.0,0.0
baseline,3,n_queue,2100.0,2160.0,1.47,5.0,0.0
baseline,3,s_queue,2100.0,2160.0,0.97,3.0,0.0
baseline,3,e_queue,2100.0,2160.0,1.67,4.0,0.0
baseline,3,w_queue,2100.0,2160.0,1.27,3.0,0.0
baseline,3,n_queue,2160.0,2220.0,2.32,7.0,0.0
baseline,3,s_queue,2160.0,2220.0,1.03,4.0,0.0
baseline,3,e_queue,2160.0,2220.0,1.72,4.0,0.0
baseline,3,w_queue,2160.0,2220.0,1.23,4.0,0.0
baseline,3,n_queue,2220.0,2280.0,2.95,8.0,0.0
baseline,3,s_queue,2220.0,2280.0,1.13,4.0,0.0
baseline,3,e_queue,2220.0,2280.0,1.9,4.0,0.0
baseline,3,w_queue,2220.0,2280.0,1.37,4.0,0.0
baseline,3,n_queue,2280.0,2340.0,2.63,7.0,0.0
baseline,3,s_queue,2280.0,2340.0,1.2,3.0,0.0
baseline,3,e_queue,2280.0,2340.0,1.08,3.0,0.0
baseline,3,w_queue,2280.0,2340.0,1.0,3.0,0.0
baseline,3,n_queue,2340.0,2400.0,2.13,6.0,0.0
baseline,3,s_queue,2340.0,2400.0,1.55,4.0,0.0
baseline,3,e_queue,2340.0,2400.0,1.18,4.0,0.0
baseline,3,w_queue,2340.0,2400.0,0.83,3.0,0.0
baseline,3,n_queue,2400.0,2460.0,2.75,8.0,0.0
baseline,3,s_queue,2400.0,2460.0,1.37,4.0,0.0
baseline,3,e_queue,2400.0,2460.0,1.18,4.0,0.0
baseline,3,w_queue,2400.0,2460.0,1.23,4.0,0.0
baseline,3,n_queue,2460.0,2520.0,1.6,7.0,0.0
baseline,3,s_queue,2460.0,2520.0,1.1,4.0,0.0
baseline,3,e_queue,2460.0,2520.0,1.43,4.0,0.0
baseline,3,w_queue,2460.0,2520.0,1.43,4.0,0.0
baseline,3,n_queue,2520.0,2580.0,1.73,6.0,0.0
baseline,3,s_queue,2520.0,2580.0,0.7,3.0,0.0
baseline,3,e_queue,2520.0,2580.0,1.03,3.0,0.0
baseline,3,w_queue,2520.0,2580.0,1.68,4.0,0.0
baseline,3,n_queue,2580.0,2640.0,2.03,7.0,0.0
baseline,3,s_queue,2580.0,2640.0,0.87,4.0,0.0
baseline,3,e_queue,2580.0,2640.0,1.62,4.0,0.0
baseline,3,w_queue,2580.0,2640.0,1.42,4.0,0.0
baseline,3,n_queue,2640.0,2700.0,2.05,6.0,0.0
baseline,3,s_queue,2640.0,2700.0,1.15,4.0,0.0
baseline,3,e_queue,2640.0,2700.0,1.33,4.0,0.0
baseline,3,w_queue,2640.0,2700.0,1.57,4.0,0.0
baseline,3,n_queue,2700.0,2760.0,2.8,7.0,0.0
baseline,3,s_queue,2700.0,2760.0,1.4,4.0,0.0
baseline,3,e_queue,2700.0,2760.0,0.85,3.0,0.0
baseline,3,w_queue,2700.0,2760.0,1.08,3.0,0.0
baseline,3,n_queue,2760.0,2820.0,2.35,7.0,0.0
baseline,3,s_queue,2760.0,2820.0,1.5,4.0,0.0
baseline,3,e_queue,2760.0,2820.0,1.17,4.0,0.0
baseline,3,w_queue,2760.0,2820.0,1.12,4.0,0.0
baseline,3,n_queue,2820.0,2880.0,2.42,7.0,0.0
baseline,3,s_queue,2820.0,2880.0,1.37,4.0,0.0
baseline,3,e_queue,2820.0,2880.0,1.23,4.0,0.0
baseline,3,w_queue,2820.0,2880.0,1.2,4.0,0.0
baseline,3,n_queue,2880.0,2940.0,1.95,7.0,0.0
baseline,3,s_queue,2880.0,2940.0,0.88,3.0,0.0
baseline,3,e_queue,2880.0,2940.0,1.43,4.0,0.0
baseline,3,w_queue,2880.0,2940.0,1.17,3.0,0.0
baseline,3,n_queue,2940.0,3000.0,1.65,6.0,0.0
baseline,3,s_queue,2940.0,3000.0,0.63,3.0,0.0
baseline,3,e_queue,2940.0,3000.0,1.55,4.0,0.0
baseline,3,w_queue,2940.0,3000.0,1.18,3.0,0.0
baseline,3,n_queue,3000.0,3060.0,1.88,7.0,0.0
baseline,3,s_queue,3000.0,3060.0,1.03,4.0,0.0
baseline,3,e_queue,3000.0,3060.0,1.53,4.0,0.0
baseline,3,w_queue,3000.0,3060.0,1.22,3.0,0.0
baseline,3,n_queue,3060.0,3120.0,2.15,6.0,0.0
baseline,3,s_queue,3060.0,3120.0,1.3,4.0,0.0
baseline,3,e_queue,3060.0,3120.0,1.57,4.0,0.0
baseline,3,w_queue,3060.0,3120.0,1.08,3.0,0.0
baseline,3,n_queue,3120.0,3180.0,2.52,7.0,0.0
baseline,3,s_queue,3120.0,3180.0,1.3,4.0,0.0
baseline,3,e_queue,3120.0,3180.0,0.83,3.0,0.0
baseline,3,w_queue,3120.0,3180.0,1.13,4.0,0.0
baseline,3,n_queue,3180.0,3240.0,3.2,8.0,0.0
baseline,3,s_queue,3180.0,3240.0,0.9,3.0,0.0
baseline,3,e_queue,3180.0,3240.0,1.07,4.0,0.0
baseline,3,w_queue,3180.0,3240.0,1.18,4.0,0.0
baseline,3,n_queue,3240.0,3300.0,3.07,7.0,0.0
baseline,3,s_queue,3240.0,3300.0,1.0,3.0,0.0
baseline,3,e_queue,3240.0,3300.0,1.13,3.0,0.0
baseline,3,w_queue,3240.0,3300.0,1.1,4.0,0.0
baseline,3,n_queue,3300.0,3360.0,2.0,6.0,0.0
baseline,3,s_queue,3300.0,3360.0,1.03,4.0,0.0
baseline,3,e_queue,3300.0,3360.0,1.25,3.0,0.0
baseline,3,w_queue,3300.0,3360.0,1.2,3.0,0.0
baseline,3,n_queue,3360.0,3420.0,1.38,6.0,0.0
baseline,3,s_queue,3360.0,3420.0,0.77,3.0,0.0
baseline,3,e_queue,3360.0,3420.0,1.85,4.0,0.0
baseline,3,w_queue,3360.0,3420.0,1.45,4.0,0.0
baseline,3,n_queue,3420.0,3480.0,2.3,7.0,0.0
baseline,3,s_queue,3420.0,3480.0,0.87,3.0,0.0
baseline,3,e_queue,3420.0,3480.0,1.55,4.0,0.0
baseline,3,w_queue,3420.0,3480.0,1.17,3.0,0.0
baseline,3,n_queue,3480.0,3540.0,2.72,7.0,0.0
baseline,3,s_queue,3480.0,3540.0,1.15,4.0,0.0
baseline,3,e_queue,3480.0,3540.0,1.35,4.0,0.0
baseline,3,w_queue,3480.0,3540.0,1.38,3.0,0.0
baseline,3,n_queue,3540.0,3600.0,2.88,8.0,0.0
baseline,3,s_queue,3540.0,3600.0,1.1,3.0,0.0
baseline,3,e_queue,3540.0,3600.0,1.2,4.0,0.0
baseline,3,w_queue,3540.0,3600.0,0.9,3.0,0.0
baseline,3,n_queue,3600.0,3660.0,2.32,6.0,0.0
baseline,3,s_queue,3600.0,3660.0,1.07,3.0,0.0
baseline,3,e_queue,3600.0,3660.0,0.7,4.0,0.0
baseline,3,w_queue,3600.0,3660.0,0.55,4.0,0.0
baseline,3,n_queue,3660.0,3720.0,0.0,0.0,0.0
baseline,3,s_queue,3660.0,3720.0,0.0,0.0,0.0
baseline,3,e_queue,3660.0,3720.0,0.0,0.0,0.0
baseline,3,w_queue,3660.0,3720.0,0.0,0.0,0.0
baseline,3,n_queue,3720.0,3780.0,0.0,0.0,0.0
baseline,3,s_queue,3720.0,3780.0,0.0,0.0,0.0
baseline,3,e_queue,3720.0,3780.0,0.0,0.0,0.0
baseline,3,w_queue,3720.0,3780.0,0.0,0.0,0.0
baseline,3,n_queue,3780.0,3840.0,0.0,0.0,0.0
baseline,3,s_queue,3780.0,3840.0,0.0,0.0,0.0
baseline,3,e_queue,3780.0,3840.0,0.0,0.0,0.0
baseline,3,w_queue,3780.0,3840.0,0.0,0.0,0.0
baseline,3,n_queue,3840.0,3900.0,0.0,0.0,0.0
baseline,3,s_queue,3840.0,3900.0,0.0,0.0,0.0
baseline,3,e_queue,3840.0,3900.0,0.0,0.0,0.0
baseline,3,w_queue,3840.0,3900.0,0.0,0.0,0.0
baseline,3,n_queue,3900.0,3960.0,0.0,0.0,0.0
baseline,3,s_queue,3900.0,3960.0,0.0,0.0,0.0
baseline,3,e_queue,3900.0,3960.0,0.0,0.0,0.0
baseline,3,w_queue,3900.0,3960.0,0.0,0.0,0.0
baseline,3,n_queue,3960.0,4020.0,0.0,0.0,0.0
baseline,3,s_queue,3960.0,4020.0,0.0,0.0,0.0
baseline,3,e_queue,3960.0,4020.0,0.0,0.0,0.0
baseline,3,w_queue,3960.0,4020.0,0.0,0.0,0.0
baseline,3,n_queue,4020.0,4080.0,0.0,0.0,0.0
baseline,3,s_queue,4020.0,4080.0,0.0,0.0,0.0
baseline,3,e_queue,4020.0,4080.0,0.0,0.0,0.0
baseline,3,w_queue,4020.0,4080.0,0.0,0.0,0.0
baseline,3,n_queue,4080.0,4140.0,0.0,0.0,0.0
baseline,3,s_queue,4080.0,4140.0,0.0,0.0,0.0
baseline,3,e_queue,4080.0,4140.0,0.0,0.0,0.0
baseline,3,w_queue,4080.0,4140.0,0.0,0.0,0.0
baseline,3,n_queue,4140.0,4200.0,0.0,0.0,0.0
baseline,3,s_queue,4140.0,4200.0,0.0,0.0,0.0
baseline,3,e_queue,4140.0,4200.0,0.0,0.0,0.0
baseline,3,w_queue,4140.0,4200.0,0.0,0.0,0.0
baseline,3,n_queue,4200.0,4260.0,0.0,0.0,0.0
baseline,3,s_queue,4200.0,4260.0,0.0,0.0,0.0
baseline,3,e_queue,4200.0,4260.0,0.0,0.0,0.0
baseline,3,w_queue,4200.0,4260.0,0.0,0.0,0.0
baseline,3,n_queue,4260.0,4320.0,0.0,0.0,0.0
baseline,3,s_queue,4260.0,4320.0,0.0,0.0,0.0
baseline,3,e_queue,4260.0,4320.0,0.0,0.0,0.0
baseline,3,w_queue,4260.0,4320.0,0.0,0.0,0.0
baseline,3,n_queue,4320.0,4380.0,0.0,0.0,0.0
baseline,3,s_queue,4320.0,4380.0,0.0,0.0,0.0
baseline,3,e_queue,4320.0,4380.0,0.0,0.0,0.0
baseline,3,w_queue,4320.0,4380.0,0.0,0.0,0.0
baseline,3,n_queue,4380.0,4440.0,0.0,0.0,0.0
baseline,3,s_queue,4380.0,4440.0,0.0,0.0,0.0
baseline,3,e_queue,4380.0,4440.0,0.0,0.0,0.0
baseline,3,w_queue,4380.0,4440.0,0.0,0.0,0.0
baseline,3,n_queue,4440.0,4500.0,0.0,0.0,0.0
baseline,3,s_queue,4440.0,4500.0,0.0,0.0,0.0
baseline,3,e_queue,4440.0,4500.0,0.0,0.0,0.0
baseline,3,w_queue,4440.0,4500.0,0.0,0.0,0.0
baseline,4,n_queue,0.0,60.0,0.53,3.0,0.0
baseline,4,s_queue,0.0,60.0,0.45,2.0,0.0
baseline,4,e_queue,0.0,60.0,0.0,0.0,0.0
baseline,4,w_queue,0.0,60.0,0.0,0.0,0.0
baseline,4,n_queue,60.0,120.0,1.35,5.0,0.0
baseline,4,s_queue,60.0,120.0,0.55,3.0,0.0
baseline,4,e_queue,60.0,120.0,1.08,3.0,0.0
baseline,4,w_queue,60.0,120.0,0.98,3.0,0.0
baseline,4,n_queue,120.0,180.0,1.85,6.0,0.0
baseline,4,s_queue,120.0,180.0,0.9,3.0,0.0
baseline,4,e_queue,120.0,180.0,1.35,3.0,0.0
baseline,4,w_queue,120.0,180.0,1.15,3.0,0.0
baseline,4,n_queue,180.0,240.0,1.97,5.0,0.0
baseline,4,s_queue,180.0,240.0,1.05,3.0,0.0
baseline,4,e_queue,180.0,240.0,0.68,2.0,0.0
baseline,4,w_queue,180.0,240.0,1.05,3.0,0.0
baseline,4,n_queue,240.0,300.0,1.77,4.0,0.0
baseline,4,s_queue,240.0,300.0,0.88,3.0,0.0
baseline,4,e_queue,240.0,300.0,0.8,3.0,0.0
baseline,4,w_queue,240.0,300.0,0.82,3.0,0.0
baseline,4,n_queue,300.0,360.0,1.98,6.0,0.0
baseline,4,s_queue,300.0,360.0,0.88,3.0,0.0
baseline,4,e_queue,300.0,360.0,0.93,3.0,0.0
baseline,4,w_queue,300.0,360.0,0.8,3.0,0.0
baseline,4,n_queue,360.0,420.0,1.57,6.0,0.0
baseline,4,s_queue,360.0,420.0,1.03,3.0,0.0
baseline,4,e_queue,360.0,420.0,1.17,3.0,0.0
baseline,4,w_queue,360.0,420.0,1.02,3.0,0.0
baseline,4,n_queue,420.0,480.0,1.08,5.0,0.0
baseline,4,s_queue,420.0,480.0,0.52,2.0,0.0
baseline,4,e_queue,420.0,480.0,1.4,3.0,0.0
baseline,4,w_queue,420.0,480.0,1.0,3.0,0.0
baseline,4,n_queue,480.0,540.0,1.18,4.0,0.0
baseline,4,s_queue,480.0,540.0,0.65,3.0,0.0
baseline,4,e_queue,480.0,540.0,1.18,3.0,0.0
baseline,4,w_queue,480.0,540.0,1.12,3.0,0.0
baseline,4,n_queue,540.0,600.0,1.6,5.0,0.0
baseline,4,s_queue,540.0,600.0,0.85,3.0,0.0
baseline,4,e_queue,540.0,600.0,1.28,3.0,0.0
baseline,4,w_queue,540.0,600.0,1.17,3.0,0.0
baseline,4,n_queue,600.0,660.0,1.77,5.0,0.0
baseline,4,s_queue,600.0,660.0,0.98,3.0,0.0
baseline,4,e_queue,600.0,660.0,0.65,2.0,0.0
baseline,4,w_queue,600.0,660.0,0.67,2.0,0.0
baseline,4,n_queue,660.0,720.0,1.82,5.0,0.0
baseline,4,s_queue,660.0,720.0,1.17,3.0,0.0
baseline,4,e_queue,660.0,720.0,0.88,3.0,0.0
baseline,4,w_queue,660.0,720.0,0.75,3.0,0.0
baseline,4,n_queue,720.0,780.0,1.63,5.0,0.0
baseline,4,s_queue,720.0,780.0,1.02,3.0,0.0
baseline,4,e_queue,720.0,780.0,1.12,3.0,0.0
baseline,4,w_queue,720.0,780.0,0.77,3.0,0.0
baseline,4,n_queue,780.0,840.0,1.82,6.0,0.0
baseline,4,s_queue,780.0,840.0,0.75,3.0,0.0
baseline,4,e_queue,780.0,840.0,1.18,3.0,0.0
baseline,4,w_queue,780.0,840.0,0.87,3.0,0.0
baseline,4,n_queue,840.0,900.0,1.25,5.0,0.0
baseline,4,s_queue,840.0,900.0,0.55,2.0,0.0
baseline,4,e_queue,840.0,900.0,1.5,3.0,0.0
baseline,4,w_queue,840.0,900.0,1.08,3.0,0.0
baseline,4,n_queue,900.0,960.0,1.42,5.0,0.0
baseline,4,s_queue,900.0,960.0,0.7,3.0,0.0
baseline,4,e_queue,900.0,960.0,1.18,3.0,0.0
baseline,4,w_queue,900.0,960.0,0.78,2.0,0.0
baseline,4,n_queue,960.0,1020.0,2.15,6.0,0.0
baseline,4,s_queue,960.0,1020.0,1.02,3.0,0.0
baseline,4,e_queue,960.0,1020.0,1.43,4.0,0.0
baseline,4,w_queue,960.0,1020.0,0.98,2.0,0.0
baseline,4,n_queue,1020.0,1080.0,2.13,6.0,0.0
baseline,4,s_queue,1020.0,1080.0,1.15,4.0,0.0
baseline,4,e_queue,1020.0,1080.0,1.13,4.0,0.0
baseline,4,w_queue,1020.0,1080.0,1.0,3.0,0.0
baseline,4,n_queue,1080.0,1140.0,2.03,6.0,0.0
baseline,4,s_queue,1080.0,1140.0,1.23,3.0,0.0
baseline,4,e_queue,1080.0,1140.0,1.3,4.0,0.0
baseline,4,w_queue,1080.0,1140.0,1.05,4.0,0.0
baseline,4,n_queue,1140.0,1200.0,2.52,7.0,0.0
baseline,4,s_queue,1140.0,1200.0,0.98,3.0,0.0
baseline,4,e_queue,1140.0,1200.0,1.33,4.0,0.0
baseline,4,w_queue,1140.0,1200.0,1.07,3.0,0.0
baseline,4,n_queue,1200.0,1260.0,1.73,5.0,0.0
baseline,4,s_queue,1200.0,1260.0,1.08,4.0,0.0
baseline,4,e_queue,1200.0,1260.0,1.23,4.0,0.0
baseline,4,w_queue,1200.0,1260.0,1.12,3.0,0.0
baseline,4,n_queue,1260.0,1320.0,1.32,4.0,0.0
baseline,4,s_queue,1260.0,1320.0,1.05,3.0,0.0
baseline,4,e_queue,1260.0,1320.0,1.4,4.0,0.0
baseline,4,w_queue,1260.0,1320.0,1.23,3.0,0.0
baseline,4,n_queue,1320.0,1380.0,1.8,6.0,0.0
baseline,4,s_queue,1320.0,1380.0,1.05,4.0,0.0
baseline,4,e_queue,1320.0,1380.0,1.35,3.0,0.0
baseline,4,w_queue,1320.0,1380.0,1.13,3.0,0.0
baseline,4,n_queue,1380.0,1440.0,1.98,6.0,0.0
baseline,4,s_queue,1380.0,1440.0,1.08,3.0,0.0
baseline,4,e_queue,1380.0,1440.0,1.27,4.0,0.0
baseline,4,w_queue,1380.0,1440.0,1.25,3.0,0.0
baseline,4,n_queue,1440.0,1500.0,1.88,5.0,0.0
baseline,4,s_queue,1440.0,1500.0,1.33,4.0,0.0
baseline,4,e_queue,1440.0,1500.0,0.92,3.0,0.0
baseline,4,w_queue,1440.0,1500.0,0.98,3.0,0.0
baseline,4,n_queue,1500.0,1560.0,2.5,5.0,0.0
baseline,4,s_queue,1500.0,1560.0,1.37,3.0,0.0
baseline,4,e_queue,1500.0,1560.0,1.18,4.0,0.0
baseline,4,w_queue,1500.0,1560.0,1.07,4.0,0.0
baseline,4,n_queue,1560.0,1620.0,2.52,7.0,0.0
baseline,4,s_queue,1560.0,1620.0,1.02,3.0,0.0
baseline,4,e_queue,1560.0,1620.0,1.35,4.0,0.0
baseline,4,w_queue,1560.0,1620.0,1.22,4.0,0.0
baseline,4,n_queue,1620.0,1680.0,2.13,6.0,0.0
baseline,4,s_queue,1620.0,1680.0,1.02,3.0,0.0
baseline,4,e_queue,1620.0,1680.0,1.22,4.0,0.0
baseline,4,w_queue,1620.0,1680.0,0.95,4.0,0.0
baseline,4,n_queue,1680.0,1740.0,1.72,6.0,0.0
baseline,4,s_queue,1680.0,1740.0,0.53,2.0,0.0
baseline,4,e_queue,1680.0,1740.0,1.43,4.0,0.0
baseline,4,w_queue,1680.0,1740.0,1.28,3.0,0.0
baseline,4,n_queue,1740.0,1800.0,1.78,6.0,0.0
baseline,4,s_queue,1740.0,1800.0,0.83,3.0,0.0
baseline,4,e_queue,1740.0,1800.0,1.62,4.0,0.0
baseline,4,w_queue,1740.0,1800.0,1.43,3.0,0.0
baseline,4,n_queue,1800.0,1860.0,2.18,6.0,0.0
baseline,4,s_queue,1800.0,1860.0,1.08,4.0,0.0
baseline,4,e_queue,1800.0,1860.0,1.18,3.0,0.0
baseline,4,w_queue,1800.0,1860.0,1.32,4.0,0.0
baseline,4,n_queue,1860.0,1920.0,2.67,7.0,0.0
baseline,4,s_queue,1860.0,1920.0,1.43,4.0,0.0
baseline,4,e_queue,1860.0,1920.0,0.95,3.0,0.0
baseline,4,w_queue,1860.0,1920.0,1.12,3.0,0.0
baseline,4,n_queue,1920.0,1980.0,2.6,7.0,0.0
baseline,4,s_queue,1920.0,1980.0,1.23,4.0,0.0
baseline,4,e_queue,1920.0,1980.0,1.05,4.0,0.0
baseline,4,w_queue,1920.0,1980.0,1.18,4.0,0.0
baseline,4,n_queue,1980.0,2040.0,3.57,8.0,0.0
baseline,4,s_queue,1980.0,2040.0,1.42,4.0,0.0
baseline,4,e_queue,1980.0,2040.0,1.37,4.0,0.0
baseline,4,w_queue,1980.0,2040.0,1.25,4.0,0.0
baseline,4,n_queue,2040.0,2100.0,2.45,8.0,0.0
baseline,4,s_queue,2040.0,2100.0,1.02,3.0,0.0
baseline,4,e_queue,2040.0,2100.0,1.58,4.0,0.0
baseline,4,w_queue,2040.0,2100.0,1.52,4.0,0.0
baseline,4,n_queue,2100.0,2160.0,1.82,7.0,0.0
baseline,4,s_queue,2100.0,2160.0,0.58,3.0,0.0
baseline,4,e_queue,2100.0,2160.0,1.68,4.0,0.0
baseline,4,w_queue,2100.0,2160.0,1.58,4.0,0.0
baseline,4,n_queue,2160.0,2220.0,1.92,7.0,0.0
baseline,4,s_queue,2160.0,2220.0,0.82,4.0,0.0
baseline,4,e_queue,2160.0,2220.0,1.47,4.0,0.0
baseline,4,w_queue,2160.0,2220.0,1.27,3.0,0.0
baseline,4,n_queue,2220.0,2280.0,2.18,6.0,0.0
baseline,4,s_queue,2220.0,2280.0,1.07,4.0,0.0
baseline,4,e_queue,2220.0,2280.0,1.87,4.0,0.0
baseline,4,w_queue,2220.0,2280.0,1.43,4.0,0.0
baseline,4,n_queue,2280.0,2340.0,2.8,7.0,0.0
baseline,4,s_queue,2280.0,2340.0,1.17,4.0,0.0
baseline,4,e_queue,2280.0,2340.0,0.92,3.0,0.0
baseline,4,w_queue,2280.0,2340.0,0.97,3.0,0.0
baseline,4,n_queue,2340.0,2400.0,3.08,8.0,0.0
baseline,4,s_queue,2340.0,2400.0,1.48,4.0,0.0
baseline,4,e_queue,2340.0,2400.0,1.13,4.0,0.0
baseline,4,w_queue,2340.0,2400.0,1.05,4.0,0.0
baseline,4,n_queue,2400.0,2460.0,2.35,7.0,0.0
baseline,4,s_queue,2400.0,2460.0,1.37,4.0,0.0
baseline,4,e_queue,2400.0,2460.0,1.23,4.0,0.0
baseline,4,w_queue,2400.0,2460.0,1.2,4.0,0.0
baseline,4,n_queue,2460.0,2520.0,2.38,7.0,0.0
baseline,4,s_queue,2460.0,2520.0,1.15,4.0,0.0
baseline,4,e_queue,2460.0,2520.0,1.32,3.0,0.0
baseline,4,w_queue,2460.0,2520.0,1.05,3.0,0.0
baseline,4,n_queue,2520.0,2580.0,1.87,7.0,0.0
baseline,4,s_queue,2520.0,2580.0,0.88,3.0,0.0
baseline,4,e_queue,2520.0,2580.0,1.47,4.0,0.0
baseline,4,w_queue,2520.0,2580.0,1.57,3.0,0.0
baseline,4,n_queue,2580.0,2640.0,2.12,7.0,0.0
baseline,4,s_queue,2580.0,2640.0,1.05,4.0,0.0
baseline,4,e_queue,2580.0,2640.0,1.68,4.0,0.0
baseline,4,w_queue,2580.0,2640.0,1.82,4.0,0.0
baseline,4,n_queue,2640.0,2700.0,2.15,6.0,0.0
baseline,4,s_queue,2640.0,2700.0,1.12,4.0,0.0
baseline,4,e_queue,2640.0,2700.0,1.52,4.0,0.0
baseline,4,w_queue,2640.0,2700.0,1.17,4.0,0.0
baseline,4,n_queue,2700.0,2760.0,2.38,7.0,0.0
baseline,4,s_queue,2700.0,2760.0,1.33,4.0,0.0
baseline,4,e_queue,2700.0,2760.0,1.07,3.0,0.0
baseline,4,w_queue,2700.0,2760.0,1.0,3.0,0.0
baseline,4,n_queue,2760.0,2820.0,2.23,6.0,0.0
baseline,4,s_queue,2760.0,2820.0,1.25,4.0,0.0
baseline,4,e_queue,2760.0,2820.0,1.15,4.0,0.0
baseline,4,w_queue,2760.0,2820.0,1.05,4.0,0.0
baseline,4,n_queue,2820.0,2880.0,2.38,6.0,0.0
baseline,4,s_queue,2820.0,2880.0,1.38,4.0,0.0
baseline,4,e_queue,2820.0,2880.0,1.3,4.0,0.0
baseline,4,w_queue,2820.0,2880.0,1.15,4.0,0.0
baseline,4,n_queue,2880.0,2940.0,2.18,7.0,0.0
baseline,4,s_queue,2880.0,2940.0,0.95,3.0,0.0
baseline,4,e_queue,2880.0,2940.0,1.37,4.0,0.0
baseline,4,w_queue,2880.0,2940.0,1.27,4.0,0.0
baseline,4,n_queue,2940.0,3000.0,1.65,7.0,0.0
baseline,4,s_queue,2940.0,3000.0,0.57,3.0,0.0
baseline,4,e_queue,2940.0,3000.0,1.33,3.0,0.0
baseline,4,w_queue,2940.0,3000.0,1.42,3.0,0.0
baseline,4,n_queue,3000.0,3060.0,2.0,7.0,0.0
baseline,4,s_queue,3000.0,3060.0,0.9,4.0,0.0
baseline,4,e_queue,3000.0,3060.0,1.57,4.0,0.0
baseline,4,w_queue,3000.0,3060.0,1.13,3.0,0.0
baseline,4,n_queue,3060.0,3120.0,2.22,7.0,0.0
baseline,4,s_queue,3060.0,3120.0,1.0,4.0,0.0
baseline,4,e_queue,3060.0,3120.0,1.8,4.0,0.0
baseline,4,w_queue,3060.0,3120.0,1.15,3.0,0.0
baseline,4,n_queue,3120.0,3180.0,2.85,7.0,0.0
baseline,4,s_queue,3120.0,3180.0,1.28,4.0,0.0
baseline,4,e_queue,3120.0,3180.0,0.97,3.0,0.0
baseline,4,w_queue,3120.0,3180.0,0.95,3.0,0.0
baseline,4,n_queue,3180.0,3240.0,2.18,7.0,0.0
baseline,4,s_queue,3180.0,3240.0,1.07,3.0,0.0
baseline,4,e_queue,3180.0,3240.0,1.23,4.0,0.0
baseline,4,w_queue,3180.0,3240.0,1.03,3.0,0.0
baseline,4,n_queue,3240.0,3300.0,2.37,7.0,0.0
baseline,4,s_queue,3240.0,3300.0,1.05,3.0,0.0
baseline,4,e_queue,3240.0,3300.0,1.48,5.0,0.0
baseline,4,w_queue,3240.0,3300.0,1.0,3.0,0.0
baseline,4,n_queue,3300.0,3360.0,1.95,6.0,0.0
baseline,4,s_queue,3300.0,3360.0,0.98,4.0,0.0
baseline,4,e_queue,3300.0,3360.0,1.38,4.0,0.0
baseline,4,w_queue,3300.0,3360.0,1.08,3.0,0.0
baseline,4,n_queue,3360.0,3420.0,1.18,6.0,0.0
baseline,4,s_queue,3360.0,3420.0,0.63,3.0,0.0
baseline,4,e_queue,3360.0,3420.0,1.53,4.0,0.0
baseline,4,w_queue,3360.0,3420.0,1.15,3.0,0.0
baseline,4,n_queue,3420.0,3480.0,1.92,7.0,0.0
baseline,4,s_queue,3420.0,3480.0,0.97,4.0,0.0
baseline,4,e_queue,3420.0,3480.0,1.75,4.0,0.0
baseline,4,w_queue,3420.0,3480.0,1.17,3.0,0.0
baseline,4,n_queue,3480.0,3540.0,2.37,7.0,0.0
baseline,4,s_queue,3480.0,3540.0,1.1,4.0,0.0
baseline,4,e_queue,3480.0,3540.0,1.28,4.0,0.0
baseline,4,w_queue,3480.0,3540.0,1.43,4.0,0.0
baseline,4,n_queue,3540.0,3600.0,2.52,7.0,0.0
baseline,4,s_queue,3540.0,3600.0,1.1,3.0,0.0
baseline,4,e_queue,3540.0,3600.0,1.0,3.0,0.0
baseline,4,w_queue,3540.0,3600.0,0.97,3.0,0.0
baseline,4,n_queue,3600.0,3660.0,1.93,5.0,0.0
baseline,4,s_queue,3600.0,3660.0,1.12,3.0,0.0
baseline,4,e_queue,3600.0,3660.0,0.53,3.0,0.0
baseline,4,w_queue,3600.0,3660.0,0.6,4.0,0.0
baseline,4,n_queue,3660.0,3720.0,0.0,0.0,0.0
baseline,4,s_queue,3660.0,3720.0,0.0,0.0,0.0
baseline,4,e_queue,3660.0,3720.0,0.0,0.0,0.0
baseline,4,w_queue,3660.0,3720.0,0.0,0.0,0.0
baseline,4,n_queue,3720.0,3780.0,0.0,0.0,0.0
baseline,4,s_queue,3720.0,3780.0,0.0,0.0,0.0
baseline,4,e_queue,3720.0,3780.0,0.0,0.0,0.0
baseline,4,w_queue,3720.0,3780.0,0.0,0.0,0.0
baseline,4,n_queue,3780.0,3840.0,0.0,0.0,0.0
baseline,4,s_queue,3780.0,3840.0,0.0,0.0,0.0
baseline,4,e_queue,3780.0,3840.0,0.0,0.0,0.0
baseline,4,w_queue,3780.0,3840.0,0.0,0.0,0.0
baseline,4,n_queue,3840.0,3900.0,0.0,0.0,0.0
baseline,4,s_queue,3840.0,3900.0,0.0,0.0,0.0
baseline,4,e_queue,3840.0,3900.0,0.0,0.0,0.0
baseline,4,w_queue,3840.0,3900.0,0.0,0.0,0.0
baseline,4,n_queue,3900.0,3960.0,0.0,0.0,0.0
baseline,4,s_queue,3900.0,3960.0,0.0,0.0,0.0
baseline,4,e_queue,3900.0,3960.0,0.0,0.0,0.0
baseline,4,w_queue,3900.0,3960.0,0.0,0.0,0.0
baseline,4,n_queue,3960.0,4020.0,0.0,0.0,0.0
baseline,4,s_queue,3960.0,4020.0,0.0,0.0,0.0
baseline,4,e_queue,3960.0,4020.0,0.0,0.0,0.0
baseline,4,w_queue,3960.0,4020.0,0.0,0.0,0.0
baseline,4,n_queue,4020.0,4080.0,0.0,0.0,0.0
baseline,4,s_queue,4020.0,4080.0,0.0,0.0,0.0
baseline,4,e_queue,4020.0,4080.0,0.0,0.0,0.0
baseline,4,w_queue,4020.0,4080.0,0.0,0.0,0.0
baseline,4,n_queue,4080.0,4140.0,0.0,0.0,0.0
baseline,4,s_queue,4080.0,4140.0,0.0,0.0,0.0
baseline,4,e_queue,4080.0,4140.0,0.0,0.0,0.0
baseline,4,w_queue,4080.0,4140.0,0.0,0.0,0.0
baseline,4,n_queue,4140.0,4200.0,0.0,0.0,0.0
baseline,4,s_queue,4140.0,4200.0,0.0,0.0,0.0
baseline,4,e_queue,4140.0,4200.0,0.0,0.0,0.0
baseline,4,w_queue,4140.0,4200.0,0.0,0.0,0.0
baseline,4,n_queue,4200.0,4260.0,0.0,0.0,0.0
baseline,4,s_queue,4200.0,4260.0,0.0,0.0,0.0
baseline,4,e_queue,4200.0,4260.0,0.0,0.0,0.0
baseline,4,w_queue,4200.0,4260.0,0.0,0.0,0.0
baseline,4,n_queue,4260.0,4320.0,0.0,0.0,0.0
baseline,4,s_queue,4260.0,4320.0,0.0,0.0,0.0
baseline,4,e_queue,4260.0,4320.0,0.0,0.0,0.0
baseline,4,w_queue,4260.0,4320.0,0.0,0.0,0.0
baseline,4,n_queue,4320.0,4380.0,0.0,0.0,0.0
baseline,4,s_queue,4320.0,4380.0,0.0,0.0,0.0
baseline,4,e_queue,4320.0,4380.0,0.0,0.0,0.0
baseline,4,w_queue,4320.0,4380.0,0.0,0.0,0.0
baseline,4,n_queue,4380.0,4440.0,0.0,0.0,0.0
baseline,4,s_queue,4380.0,4440.0,0.0,0.0,0.0
baseline,4,e_queue,4380.0,4440.0,0.0,0.0,0.0
baseline,4,w_queue,4380.0,4440.0,0.0,0.0,0.0
baseline,4,n_queue,4440.0,4500.0,0.0,0.0,0.0
baseline,4,s_queue,4440.0,4500.0,0.0,0.0,0.0
baseline,4,e_queue,4440.0,4500.0,0.0,0.0,0.0
baseline,4,w_queue,4440.0,4500.0,0.0,0.0,0.0
baseline,5,n_queue,0.0,60.0,0.58,3.0,0.0
baseline,5,s_queue,0.0,60.0,0.32,2.0,0.0
baseline,5,e_queue,0.0,60.0,0.0,0.0,0.0
baseline,5,w_queue,0.0,60.0,0.0,0.0,0.0
baseline,5,n_queue,60.0,120.0,1.17,5.0,0.0
baseline,5,s_queue,60.0,120.0,0.53,3.0,0.0
baseline,5,e_queue,60.0,120.0,1.18,3.0,0.0
baseline,5,w_queue,60.0,120.0,0.98,3.0,0.0
baseline,5,n_queue,120.0,180.0,1.53,5.0,0.0
baseline,5,s_queue,120.0,180.0,0.77,3.0,0.0
baseline,5,e_queue,120.0,180.0,1.32,3.0,0.0
baseline,5,w_queue,120.0,180.0,1.03,2.0,0.0
baseline,5,n_queue,180.0,240.0,1.88,6.0,0.0
baseline,5,s_queue,180.0,240.0,1.27,4.0,0.0
baseline,5,e_queue,180.0,240.0,0.65,2.0,0.0
baseline,5,w_queue,180.0,240.0,0.72,3.0,0.0
baseline,5,n_queue,240.0,300.0,2.25,6.0,0.0
baseline,5,s_queue,240.0,300.0,0.88,3.0,0.0
baseline,5,e_queue,240.0,300.0,0.8,3.0,0.0
baseline,5,w_queue,240.0,300.0,0.77,3.0,0.0
baseline,5,n_queue,300.0,360.0,2.1,5.0,0.0
baseline,5,s_queue,300.0,360.0,0.92,2.0,0.0
baseline,5,e_queue,300.0,360.0,1.0,3.0,0.0
baseline,5,w_queue,300.0,360.0,0.92,3.0,0.0
baseline,5,n_queue,360.0,420.0,1.75,6.0,0.0
baseline,5,s_queue,360.0,420.0,1.23,3.0,0.0
baseline,5,e_queue,360.0,420.0,1.12,3.0,0.0
baseline,5,w_queue,360.0,420.0,0.98,3.0,0.0
baseline,5,n_queue,420.0,480.0,1.2,5.0,0.0
baseline,5,s_queue,420.0,480.0,0.68,3.0,0.0
baseline,5,e_queue,420.0,480.0,0.98,3.0,0.0
baseline,5,w_queue,420.0,480.0,0.8,2.0,0.0
baseline,5,n_queue,480.0,540.0,1.33,5.0,0.0
baseline,5,s_queue,480.0,540.0,0.82,3.0,0.0
baseline,5,e_queue,480.0,540.0,1.13,3.0,0.0
baseline,5,w_queue,480.0,540.0,1.15,3.0,0.0
baseline,5,n_queue,540.0,600.0,1.58,5.0,0.0
baseline,5,s_queue,540.0,600.0,0.68,3.0,0.0
baseline,5,e_queue,540.0,600.0,1.28,3.0,0.0
baseline,5,w_queue,540.0,600.0,1.2,3.0,0.0
baseline,5,n_queue,600.0,660.0,1.83,5.0,0.0
baseline,5,s_queue,600.0,660.0,0.75,3.0,0.0
baseline,5,e_queue,600.0,660.0,0.63,2.0,0.0
baseline,5,w_queue,600.0,660.0,0.85,3.0,0.0
baseline,5,n_queue,660.0,720.0,2.08,5.0,0.0
baseline,5,s_queue,660.0,720.0,0.78,3.0,0.0
baseline,5,e_queue,660.0,720.0,0.72,3.0,0.0
baseline,5,w_queue,660.0,720.0,0.88,3.0,0.0
baseline,5,n_queue,720.0,780.0,2.0,6.0,0.0
baseline,5,s_queue,720.0,780.0,0.92,2.0,0.0
baseline,5,e_queue,720.0,780.0,1.03,3.0,0.0
baseline,5,w_queue,720.0,780.0,0.75,3.0,0.0
baseline,5,n_queue,780.0,840.0,1.63,5.0,0.0
baseline,5,s_queue,780.0,840.0,0.97,3.0,0.0
baseline,5,e_queue,780.0,840.0,1.15,3.0,0.0
baseline,5,w_queue,780.0,840.0,0.83,2.0,0.0
baseline,5,n_queue,840.0,900.0,0.98,5.0,0.0
baseline,5,s_queue,840.0,900.0,0.57,2.0,0.0
baseline,5,e_queue,840.0,900.0,1.47,3.0,0.0
baseline,5,w_queue,840.0,900.0,1.15,3.0,0.0
baseline,5,n_queue,900.0,960.0,1.23,5.0,0.0
baseline,5,s_queue,900.0,960.0,0.63,3.0,0.0
baseline,5,e_queue,900.0,960.0,1.15,3.0,0.0
baseline,5,w_queue,900.0,960.0,0.8,3.0,0.0
baseline,5,n_queue,960.0,1020.0,1.88,6.0,0.0
baseline,5,s_queue,960.0,1020.0,1.05,4.0,0.0
baseline,5,e_queue,960.0,1020.0,1.42,3.0,0.0
baseline,5,w_queue,960.0,1020.0,1.1,3.0,0.0
baseline,5,n_queue,1020.0,1080.0,2.55,6.0,0.0
baseline,5,s_queue,1020.0,1080.0,1.05,3.0,0.0
baseline,5,e_queue,1020.0,1080.0,0.98,3.0,0.0
baseline,5,w_queue,1020.0,1080.0,0.67,2.0,0.0
baseline,5,n_queue,1080.0,1140.0,2.33,7.0,0.0
baseline,5,s_queue,1080.0,1140.0,0.9,3.0,0.0
baseline,5,e_queue,1080.0,1140.0,1.0,4.0,0.0
baseline,5,w_queue,1080.0,1140.0,0.93,3.0,0.0
baseline,5,n_queue,1140.0,1200.0,2.22,6.0,0.0
baseline,5,s_queue,1140.0,1200.0,1.6,4.0,0.0
baseline,5,e_queue,1140.0,1200.0,1.13,4.0,0.0
baseline,5,w_queue,1140.0,1200.0,1.15,3.0,0.0
baseline,5,n_queue,1200.0,1260.0,1.93,6.0,0.0
baseline,5,s_queue,1200.0,1260.0,1.05,3.0,0.0
baseline,5,e_queue,1200.0,1260.0,1.33,4.0,0.0
baseline,5,w_queue,1200.0,1260.0,1.15,3.0,0.0
baseline,5,n_queue,1260.0,1320.0,1.37,5.0,0.0
baseline,5,s_queue,1260.0,1320.0,0.78,3.0,0.0
baseline,5,e_queue,1260.0,1320.0,1.37,4.0,0.0
baseline,5,w_queue,1260.0,1320.0,1.35,3.0,0.0
baseline,5,n_queue,1320.0,1380.0,1.68,6.0,0.0
baseline,5,s_queue,1320.0,1380.0,0.73,4.0,0.0
baseline,5,e_queue,1320.0,1380.0,1.28,4.0,0.0
baseline,5,w_queue,1320.0,1380.0,1.17,3.0,0.0
baseline,5,n_queue,1380.0,1440.0,2.3,6.0,0.0
baseline,5,s_queue,1380.0,1440.0,0.92,3.0,0.0
baseline,5,e_queue,1380.0,1440.0,1.37,4.0,0.0
baseline,5,w_queue,1380.0,1440.0,1.23,3.0,0.0
baseline,5,n_queue,1440.0,1500.0,2.25,6.0,0.0
baseline,5,s_queue,1440.0,1500.0,1.33,4.0,0.0
baseline,5,e_queue,1440.0,1500.0,0.87,3.0,0.0
baseline,5,w_queue,1440.0,1500.0,0.63,3.0,0.0
baseline,5,n_queue,1500.0,1560.0,2.02,6.0,0.0
baseline,5,s_queue,1500.0,1560.0,1.12,3.0,0.0
baseline,5,e_queue,1500.0,1560.0,1.03,4.0,0.0
baseline,5,w_queue,1500.0,1560.0,0.7,3.0,0.0
baseline,5,n_queue,1560.0,1620.0,2.7,7.0,0.0
baseline,5,s_queue,1560.0,1620.0,1.23,4.0,0.0
baseline,5,e_queue,1560.0,1620.0,1.13,4.0,0.0
baseline,5,w_queue,1560.0,1620.0,0.95,3.0,0.0
baseline,5,n_queue,1620.0,1680.0,1.97,6.0,0.0
baseline,5,s_queue,1620.0,1680.0,1.33,4.0,0.0
baseline,5,e_queue,1620.0,1680.0,1.37,4.0,0.0
baseline,5,w_queue,1620.0,1680.0,1.18,3.0,0.0
baseline,5,n_queue,1680.0,1740.0,1.53,6.0,0.0
baseline,5,s_queue,1680.0,1740.0,0.85,3.0,0.0
baseline,5,e_queue,1680.0,1740.0,1.7,4.0,0.0
baseline,5,w_queue,1680.0,1740.0,1.08,3.0,0.0
baseline,5,n_queue,1740.0,1800.0,1.73,6.0,0.0
baseline,5,s_queue,1740.0,1800.0,0.88,4.0,0.0
baseline,5,e_queue,1740.0,1800.0,1.17,3.0,0.0
baseline,5,w_queue,1740.0,1800.0,1.8,4.0,0.0
baseline,5,n_queue,1800.0,1860.0,1.68,6.0,0.0
baseline,5,s_queue,1800.0,1860.0,1.1,4.0,0.0
baseline,5,e_queue,1800.0,1860.0,1.3,4.0,0.0
baseline,5,w_queue,1800.0,1860.0,1.35,4.0,0.0
baseline,5,n_queue,1860.0,1920.0,2.77,7.0,0.0
baseline,5,s_queue,1860.0,1920.0,1.38,4.0,0.0
baseline,5,e_queue,1860.0,1920.0,0.95,3.0,0.0
baseline,5,w_queue,1860.0,1920.0,0.92,3.0,0.0
baseline,5,n_queue,1920.0,1980.0,2.67,7.0,0.0
baseline,5,s_queue,1920.0,1980.0,1.28,4.0,0.0
baseline,5,e_queue,1920.0,1980.0,1.18,4.0,0.0
baseline,5,w_queue,1920.0,1980.0,1.05,3.0,0.0
baseline,5,n_queue,1980.0,2040.0,2.13,7.0,0.0
baseline,5,s_queue,1980.0,2040.0,1.05,4.0,0.0
baseline,5,e_queue,1980.0,2040.0,1.32,4.0,0.0
baseline,5,w_queue,1980.0,2040.0,1.25,4.0,0.0
baseline,5,n_queue,2040.0,2100.0,2.42,8.0,0.0
baseline,5,s_queue,2040.0,2100.0,1.18,4.0,0.0
baseline,5,e_queue,2040.0,2100.0,1.6,4.0,0.0
baseline,5,w_queue,2040.0,2100.0,1.27,4.0,0.0
baseline,5,n_queue,2100.0,2160.0,1.97,7.0,0.0
baseline,5,s_queue,2100.0,2160.0,0.67,3.0,0.0
baseline,5,e_queue,2100.0,2160.0,1.6,4.0,0.0
baseline,5,w_queue,2100.0,2160.0,1.65,4.0,0.0
baseline,5,n_queue,2160.0,2220.0,1.87,7.0,0.0
baseline,5,s_queue,2160.0,2220.0,0.85,3.0,0.0
baseline,5,e_queue,2160.0,2220.0,1.97,5.0,0.0
baseline,5,w_queue,2160.0,2220.0,1.37,4.0,0.0
baseline,5,n_queue,2220.0,2280.0,2.07,7.0,0.0
baseline,5,s_queue,2220.0,2280.0,1.32,4.0,0.0
baseline,5,e_queue,2220.0,2280.0,1.77,4.0,0.0
baseline,5,w_queue,2220.0,2280.0,1.55,4.0,0.0
baseline,5,n_queue,2280.0,2340.0,2.83,7.0,0.0
baseline,5,s_queue,2280.0,2340.0,1.05,4.0,0.0
baseline,5,e_queue,2280.0,2340.0,1.1,3.0,0.0
baseline,5,w_queue,2280.0,2340.0,0.77,2.0,0.0
baseline,5,n_queue,2340.0,2400.0,2.78,7.0,0.0
baseline,5,s_queue,2340.0,2400.0,1.02,4.0,0.0
baseline,5,e_queue,2340.0,2400.0,1.22,4.0,0.0
baseline,5,w_queue,2340.0,2400.0,1.02,4.0,0.0
baseline,5,n_queue,2400.0,2460.0,2.73,6.0,0.0
baseline,5,s_queue,2400.0,2460.0,1.28,4.0,0.0
baseline,5,e_queue,2400.0,2460.0,1.32,4.0,0.0
baseline,5,w_queue,2400.0,2460.0,1.18,4.0,0.0
baseline,5,n_queue,2460.0,2520.0,1.98,6.0,0.0
baseline,5,s_queue,2460.0,2520.0,0.88,4.0,0.0
baseline,5,e_queue,2460.0,2520.0,1.5,4.0,0.0
baseline,5,w_queue,2460.0,2520.0,1.17,3.0,0.0
baseline,5,n_queue,2520.0,2580.0,1.62,6.0,0.0
baseline,5,s_queue,2520.0,2580.0,0.83,3.0,0.0
baseline,5,e_queue,2520.0,2580.0,1.48,4.0,0.0
baseline,5,w_queue,2520.0,2580.0,1.37,4.0,0.0
baseline,5,n_queue,2580.0,2640.0,2.02,7.0,0.0
baseline,5,s_queue,2580.0,2640.0,0.95,4.0,0.0
baseline,5,e_queue,2580.0,2640.0,1.6,4.0,0.0
baseline,5,w_queue,2580.0,2640.0,1.4,3.0,0.0
baseline,5,n_queue,2640.0,2700.0,2.2,6.0,0.0
baseline,5,s_queue,2640.0,2700.0,1.0,4.0,0.0
baseline,5,e_queue,2640.0,2700.0,1.38,4.0,0.0
baseline,5,w_queue,2640.0,2700.0,1.27,3.0,0.0
baseline,5,n_queue,2700.0,2760.0,2.72,7.0,0.0
baseline,5,s_queue,2700.0,2760.0,1.43,4.0,0.0
baseline,5,e_queue,2700.0,2760.0,1.23,3.0,0.0
baseline,5,w_queue,2700.0,2760.0,0.9,2.0,0.0
baseline,5,n_queue,2760.0,2820.0,3.38,8.0,0.0
baseline,5,s_queue,2760.0,2820.0,1.2,3.0,0.0
baseline,5,e_queue,2760.0,2820.0,1.08,4.0,0.0
baseline,5,w_queue,2760.0,2820.0,0.83,3.0,0.0
baseline,5,n_queue,2820.0,2880.0,2.22,6.0,0.0
baseline,5,s_queue,2820.0,2880.0,1.32,4.0,0.0
baseline,5,e_queue,2820.0,2880.0,1.22,4.0,0.0
baseline,5,w_queue,2820.0,2880.0,1.22,3.0,0.0
baseline,5,n_queue,2880.0,2940.0,2.08,6.0,0.0
baseline,5,s_queue,2880.0,2940.0,0.98,3.0,0.0
baseline,5,e_queue,2880.0,2940.0,1.55,4.0,0.0
baseline,5,w_queue,2880.0,2940.0,1.5,4.0,0.0
baseline,5,n_queue,2940.0,3000.0,1.75,6.0,0.0
baseline,5,s_queue,2940.0,3000.0,0.77,3.0,0.0
baseline,5,e_queue,2940.0,3000.0,1.92,4.0,0.0
baseline,5,w_queue,2940.0,3000.0,1.17,3.0,0.0
baseline,5,n_queue,3000.0,3060.0,1.7,6.0,0.0
baseline,5,s_queue,3000.0,3060.0,0.87,4.0,0.0
baseline,5,e_queue,3000.0,3060.0,1.57,4.0,0.0
baseline,5,w_queue,3000.0,3060.0,1.47,4.0,0.0
baseline,5,n_queue,3060.0,3120.0,2.1,7.0,0.0
baseline,5,s_queue,3060.0,3120.0,0.92,3.0,0.0
baseline,5,e_queue,3060.0,3120.0,1.45,4.0,0.0
baseline,5,w_queue,3060.0,3120.0,1.08,3.0,0.0
baseline,5,n_queue,3120.0,3180.0,2.87,7.0,0.0
baseline,5,s_queue,3120.0,3180.0,1.27,4.0,0.0
baseline,5,e_queue,3120.0,3180.0,0.92,3.0,0.0
baseline,5,w_queue,3120.0,3180.0,0.95,3.0,0.0
baseline,5,n_queue,3180.0,3240.0,2.65,7.0,0.0
baseline,5,s_queue,3180.0,3240.0,1.3,4.0,0.0
baseline,5,e_queue,3180.0,3240.0,1.23,4.0,0.0
baseline,5,w_queue,3180.0,3240.0,0.98,3.0,0.0
baseline,5,n_queue,3240.0,3300.0,2.6,6.0,0.0
baseline,5,s_queue,3240.0,3300.0,1.12,3.0,0.0
baseline,5,e_queue,3240.0,3300.0,1.38,4.0,0.0
baseline,5,w_queue,3240.0,3300.0,1.03,3.0,0.0
baseline,5,n_queue,3300.0,3360.0,2.12,7.0,0.0
baseline,5,s_queue,3300.0,3360.0,1.08,4.0,0.0
baseline,5,e_queue,3300.0,3360.0,1.42,4.0,0.0
baseline,5,w_queue,3300.0,3360.0,1.17,3.0,0.0
baseline,5,n_queue,3360.0,3420.0,1.98,6.0,0.0
baseline,5,s_queue,3360.0,3420.0,0.75,3.0,0.0
baseline,5,e_queue,3360.0,3420.0,1.45,4.0,0.0
baseline,5,w_queue,3360.0,3420.0,1.17,3.0,0.0
baseline,5,n_queue,3420.0,3480.0,2.28,7.0,0.0
baseline,5,s_queue,3420.0,3480.0,0.87,3.0,0.0
baseline,5,e_queue,3420.0,3480.0,1.87,4.0,0.0
baseline,5,w_queue,3420.0,3480.0,1.55,4.0,0.0
baseline,5,n_queue,3480.0,3540.0,2.32,7.0,0.0
baseline,5,s_queue,3480.0,3540.0,1.12,4.0,0.0
baseline,5,e_queue,3480.0,3540.0,1.43,4.0,0.0
baseline,5,w_queue,3480.0,3540.0,1.87,4.0,0.0
baseline,5,n_queue,3540.0,3600.0,2.18,6.0,0.0
baseline,5,s_queue,3540.0,3600.0,1.25,3.0,0.0
baseline,5,e_queue,3540.0,3600.0,1.13,4.0,0.0
baseline,5,w_queue,3540.0,3600.0,0.87,3.0,0.0
baseline,5,n_queue,3600.0,3660.0,2.3,6.0,0.0
baseline,5,s_queue,3600.0,3660.0,1.07,3.0,0.0
baseline,5,e_queue,3600.0,3660.0,0.67,4.0,0.0
baseline,5,w_queue,3600.0,3660.0,0.52,4.0,0.0
baseline,5,n_queue,3660.0,3720.0,0.0,0.0,0.0
baseline,5,s_queue,3660.0,3720.0,0.0,0.0,0.0
baseline,5,e_queue,3660.0,3720.0,0.0,0.0,0.0
baseline,5,w_queue,3660.0,3720.0,0.0,0.0,0.0
baseline,5,n_queue,3720.0,3780.0,0.0,0.0,0.0
baseline,5,s_queue,3720.0,3780.0,0.0,0.0,0.0
baseline,5,e_queue,3720.0,3780.0,0.0,0.0,0.0
baseline,5,w_queue,3720.0,3780.0,0.0,0.0,0.0
baseline,5,n_queue,3780.0,3840.0,0.0,0.0,0.0
baseline,5,s_queue,3780.0,3840.0,0.0,0.0,0.0
baseline,5,e_queue,3780.0,3840.0,0.0,0.0,0.0
baseline,5,w_queue,3780.0,3840.0,0.0,0.0,0.0
baseline,5,n_queue,3840.0,3900.0,0.0,0.0,0.0
baseline,5,s_queue,3840.0,3900.0,0.0,0.0,0.0
baseline,5,e_queue,3840.0,3900.0,0.0,0.0,0.0
baseline,5,w_queue,3840.0,3900.0,0.0,0.0,0.0
baseline,5,n_queue,3900.0,3960.0,0.0,0.0,0.0
baseline,5,s_queue,3900.0,3960.0,0.0,0.0,0.0
baseline,5,e_queue,3900.0,3960.0,0.0,0.0,0.0
baseline,5,w_queue,3900.0,3960.0,0.0,0.0,0.0
baseline,5,n_queue,3960.0,4020.0,0.0,0.0,0.0
baseline,5,s_queue,3960.0,4020.0,0.0,0.0,0.0
baseline,5,e_queue,3960.0,4020.0,0.0,0.0,0.0
baseline,5,w_queue,3960.0,4020.0,0.0,0.0,0.0
baseline,5,n_queue,4020.0,4080.0,0.0,0.0,0.0
baseline,5,s_queue,4020.0,4080.0,0.0,0.0,0.0
baseline,5,e_queue,4020.0,4080.0,0.0,0.0,0.0
baseline,5,w_queue,4020.0,4080.0,0.0,0.0,0.0
baseline,5,n_queue,4080.0,4140.0,0.0,0.0,0.0
baseline,5,s_queue,4080.0,4140.0,0.0,0.0,0.0
baseline,5,e_queue,4080.0,4140.0,0.0,0.0,0.0
baseline,5,w_queue,4080.0,4140.0,0.0,0.0,0.0
baseline,5,n_queue,4140.0,4200.0,0.0,0.0,0.0
baseline,5,s_queue,4140.0,4200.0,0.0,0.0,0.0
baseline,5,e_queue,4140.0,4200.0,0.0,0.0,0.0
baseline,5,w_queue,4140.0,4200.0,0.0,0.0,0.0
baseline,5,n_queue,4200.0,4260.0,0.0,0.0,0.0
baseline,5,s_queue,4200.0,4260.0,0.0,0.0,0.0
baseline,5,e_queue,4200.0,4260.0,0.0,0.0,0.0
baseline,5,w_queue,4200.0,4260.0,0.0,0.0,0.0
baseline,5,n_queue,4260.0,4320.0,0.0,0.0,0.0
baseline,5,s_queue,4260.0,4320.0,0.0,0.0,0.0
baseline,5,e_queue,4260.0,4320.0,0.0,0.0,0.0
baseline,5,w_queue,4260.0,4320.0,0.0,0.0,0.0
baseline,5,n_queue,4320.0,4380.0,0.0,0.0,0.0
baseline,5,s_queue,4320.0,4380.0,0.0,0.0,0.0
baseline,5,e_queue,4320.0,4380.0,0.0,0.0,0.0
baseline,5,w_queue,4320.0,4380.0,0.0,0.0,0.0
baseline,5,n_queue,4380.0,4440.0,0.0,0.0,0.0
baseline,5,s_queue,4380.0,4440.0,0.0,0.0,0.0
baseline,5,e_queue,4380.0,4440.0,0.0,0.0,0.0
baseline,5,w_queue,4380.0,4440.0,0.0,0.0,0.0
baseline,5,n_queue,4440.0,4500.0,0.0,0.0,0.0
baseline,5,s_queue,4440.0,4500.0,0.0,0.0,0.0
baseline,5,e_queue,4440.0,4500.0,0.0,0.0,0.0
baseline,5,w_queue,4440.0,4500.0,0.0,0.0,0.0
peak_retimed,1,n_queue,0.0,60.0,0.23,2.0,0.0
peak_retimed,1,s_queue,0.0,60.0,0.22,1.0,0.0
peak_retimed,1,e_queue,0.0,60.0,0.08,1.0,0.0
peak_retimed,1,w_queue,0.0,60.0,0.07,1.0,0.0
peak_retimed,1,n_queue,60.0,120.0,0.78,4.0,0.0
peak_retimed,1,s_queue,60.0,120.0,0.32,2.0,0.0
peak_retimed,1,e_queue,60.0,120.0,1.6,3.0,0.0
peak_retimed,1,w_queue,60.0,120.0,1.83,4.0,0.0
peak_retimed,1,n_queue,120.0,180.0,0.67,3.0,0.0
peak_retimed,1,s_queue,120.0,180.0,0.35,2.0,0.0
peak_retimed,1,e_queue,120.0,180.0,1.3,3.0,0.0
peak_retimed,1,w_queue,120.0,180.0,1.08,3.0,0.0
peak_retimed,1,n_queue,180.0,240.0,0.92,4.0,0.0
peak_retimed,1,s_queue,180.0,240.0,0.43,2.0,0.0
peak_retimed,1,e_queue,180.0,240.0,1.58,4.0,0.0
peak_retimed,1,w_queue,180.0,240.0,0.92,3.0,0.0
peak_retimed,1,n_queue,240.0,300.0,0.7,3.0,0.0
peak_retimed,1,s_queue,240.0,300.0,0.57,2.0,0.0
peak_retimed,1,e_queue,240.0,300.0,1.58,4.0,0.0
peak_retimed,1,w_queue,240.0,300.0,1.05,3.0,0.0
peak_retimed,1,n_queue,300.0,360.0,0.77,3.0,0.0
peak_retimed,1,s_queue,300.0,360.0,0.47,2.0,0.0
peak_retimed,1,e_queue,300.0,360.0,1.65,4.0,0.0
peak_retimed,1,w_queue,300.0,360.0,1.42,3.0,0.0
peak_retimed,1,n_queue,360.0,420.0,0.73,4.0,0.0
peak_retimed,1,s_queue,360.0,420.0,0.4,2.0,0.0
peak_retimed,1,e_queue,360.0,420.0,1.73,4.0,0.0
peak_retimed,1,w_queue,360.0,420.0,1.38,3.0,0.0
peak_retimed,1,n_queue,420.0,480.0,0.52,3.0,0.0
peak_retimed,1,s_queue,420.0,480.0,0.18,1.0,0.0
peak_retimed,1,e_queue,420.0,480.0,1.68,4.0,0.0
peak_retimed,1,w_queue,420.0,480.0,1.37,3.0,0.0
peak_retimed,1,n_queue,480.0,540.0,0.67,3.0,0.0
peak_retimed,1,s_queue,480.0,540.0,0.3,2.0,0.0
peak_retimed,1,e_queue,480.0,540.0,1.88,4.0,0.0
peak_retimed,1,w_queue,480.0,540.0,2.12,4.0,0.0
peak_retimed,1,n_queue,540.0,600.0,1.22,5.0,0.0
peak_retimed,1,s_queue,540.0,600.0,0.4,2.0,0.0
peak_retimed,1,e_queue,540.0,600.0,1.35,3.0,0.0
peak_retimed,1,w_queue,540.0,600.0,1.43,3.0,0.0
peak_retimed,1,n_queue,600.0,660.0,0.83,3.0,0.0
peak_retimed,1,s_queue,600.0,660.0,0.42,2.0,0.0
peak_retimed,1,e_queue,600.0,660.0,1.3,4.0,0.0
peak_retimed,1,w_queue,600.0,660.0,1.25,4.0,0.0
peak_retimed,1,n_queue,660.0,720.0,0.75,4.0,0.0
peak_retimed,1,s_queue,660.0,720.0,0.85,3.0,0.0
peak_retimed,1,e_queue,660.0,720.0,1.38,4.0,0.0
peak_retimed,1,w_queue,660.0,720.0,1.25,3.0,0.0
peak_retimed,1,n_queue,720.0,780.0,0.73,3.0,0.0
peak_retimed,1,s_queue,720.0,780.0,0.68,2.0,0.0
peak_retimed,1,e_queue,720.0,780.0,1.63,4.0,0.0
peak_retimed,1,w_queue,720.0,780.0,1.35,3.0,0.0
peak_retimed,1,n_queue,780.0,840.0,0.8,3.0,0.0
peak_retimed,1,s_queue,780.0,840.0,0.6,3.0,0.0
peak_retimed,1,e_queue,780.0,840.0,1.62,4.0,0.0
peak_retimed,1,w_queue,780.0,840.0,1.27,3.0,0.0
peak_retimed,1,n_queue,840.0,900.0,0.4,2.0,0.0
peak_retimed,1,s_queue,840.0,900.0,0.35,2.0,0.0
peak_retimed,1,e_queue,840.0,900.0,1.72,4.0,0.0
peak_retimed,1,w_queue,840.0,900.0,1.5,3.0,0.0
peak_retimed,1,n_queue,900.0,960.0,0.67,4.0,0.0
peak_retimed,1,s_queue,900.0,960.0,0.4,2.0,0.0
peak_retimed,1,e_queue,900.0,960.0,1.77,4.0,0.0
peak_retimed,1,w_queue,900.0,960.0,1.4,3.0,0.0
peak_retimed,1,n_queue,960.0,1020.0,1.12,4.0,0.0
peak_retimed,1,s_queue,960.0,1020.0,0.38,2.0,0.0
peak_retimed,1,e_queue,960.0,1020.0,1.58,4.0,0.0
peak_retimed,1,w_queue,960.0,1020.0,1.07,3.0,0.0
peak_retimed,1,n_queue,1020.0,1080.0,1.2,5.0,0.0
peak_retimed,1,s_queue,1020.0,1080.0,0.8,3.0,0.0
peak_retimed,1,e_queue,1020.0,1080.0,1.58,4.0,0.0
peak_retimed,1,w_queue,1020.0,1080.0,1.5,4.0,0.0
peak_retimed,1,n_queue,1080.0,1140.0,0.97,4.0,0.0
peak_retimed,1,s_queue,1080.0,1140.0,0.72,3.0,0.0
peak_retimed,1,e_queue,1080.0,1140.0,1.67,4.0,0.0
peak_retimed,1,w_queue,1080.0,1140.0,1.78,4.0,0.0
peak_retimed,1,n_queue,1140.0,1200.0,1.08,4.0,0.0
peak_retimed,1,s_queue,1140.0,1200.0,0.65,2.0,0.0
peak_retimed,1,e_queue,1140.0,1200.0,1.62,4.0,0.0
peak_retimed,1,w_queue,1140.0,1200.0,1.7,4.0,0.0
peak_retimed,1,n_queue,1200.0,1260.0,0.72,4.0,0.0
peak_retimed,1,s_queue,1200.0,1260.0,0.53,3.0,0.0
peak_retimed,1,e_queue,1200.0,1260.0,1.83,5.0,0.0
peak_retimed,1,w_queue,1200.0,1260.0,1.88,4.0,0.0
peak_retimed,1,n_queue,1260.0,1320.0,0.53,3.0,0.0
peak_retimed,1,s_queue,1260.0,1320.0,0.25,2.0,0.0
peak_retimed,1,e_queue,1260.0,1320.0,2.18,4.0,0.0
peak_retimed,1,w_queue,1260.0,1320.0,1.87,4.0,0.0
peak_retimed,1,n_queue,1320.0,1380.0,0.82,5.0,0.0
peak_retimed,1,s_queue,1320.0,1380.0,0.5,3.0,0.0
peak_retimed,1,e_queue,1320.0,1380.0,2.02,4.0,0.0
peak_retimed,1,w_queue,1320.0,1380.0,1.9,4.0,0.0
peak_retimed,1,n_queue,1380.0,1440.0,1.57,5.0,0.0
peak_retimed,1,s_queue,1380.0,1440.0,0.68,3.0,0.0
peak_retimed,1,e_queue,1380.0,1440.0,1.5,4.0,0.0
peak_retimed,1,w_queue,1380.0,1440.0,1.23,3.0,0.0
peak_retimed,1,n_queue,1440.0,1500.0,1.3,6.0,0.0
peak_retimed,1,s_queue,1440.0,1500.0,0.72,3.0,0.0
peak_retimed,1,e_queue,1440.0,1500.0,1.57,4.0,0.0
peak_retimed,1,w_queue,1440.0,1500.0,1.47,3.0,0.0
peak_retimed,1,n_queue,1500.0,1560.0,1.0,4.0,0.0
peak_retimed,1,s_queue,1500.0,1560.0,0.63,2.0,0.0
peak_retimed,1,e_queue,1500.0,1560.0,1.77,5.0,0.0
peak_retimed,1,w_queue,1500.0,1560.0,1.73,4.0,0.0
peak_retimed,1,n_queue,1560.0,1620.0,1.25,5.0,0.0
peak_retimed,1,s_queue,1560.0,1620.0,0.68,3.0,0.0
peak_retimed,1,e_queue,1560.0,1620.0,1.83,4.0,0.0
peak_retimed,1,w_queue,1560.0,1620.0,1.53,4.0,0.0
peak_retimed,1,n_queue,1620.0,1680.0,1.27,5.0,0.0
peak_retimed,1,s_queue,1620.0,1680.0,0.87,3.0,0.0
peak_retimed,1,e_queue,1620.0,1680.0,1.97,4.0,0.0
peak_retimed,1,w_queue,1620.0,1680.0,1.55,4.0,0.0
peak_retimed,1,n_queue,1680.0,1740.0,0.83,5.0,0.0
peak_retimed,1,s_queue,1680.0,1740.0,0.27,2.0,0.0
peak_retimed,1,e_queue,1680.0,1740.0,2.15,4.0,0.0
peak_retimed,1,w_queue,1680.0,1740.0,1.85,4.0,0.0
peak_retimed,1,n_queue,1740.0,1800.0,0.95,5.0,0.0
peak_retimed,1,s_queue,1740.0,1800.0,0.37,2.0,0.0
peak_retimed,1,e_queue,1740.0,1800.0,1.93,4.0,0.0
peak_retimed,1,w_queue,1740.0,1800.0,2.0,4.0,0.0
peak_retimed,1,n_queue,1800.0,1860.0,1.1,4.0,0.0
peak_retimed,1,s_queue,1800.0,1860.0,0.4,2.0,0.0
peak_retimed,1,e_queue,1800.0,1860.0,1.75,4.0,0.0
peak_retimed,1,w_queue,1800.0,1860.0,1.47,3.0,0.0
peak_retimed,1,n_queue,1860.0,1920.0,1.25,5.0,0.0
peak_retimed,1,s_queue,1860.0,1920.0,0.75,3.0,0.0
peak_retimed,1,e_queue,1860.0,1920.0,1.85,5.0,0.0
peak_retimed,1,w_queue,1860.0,1920.0,1.52,4.0,0.0
peak_retimed,1,n_queue,1920.0,1980.0,1.28,5.0,0.0
peak_retimed,1,s_queue,1920.0,1980.0,0.63,2.0,0.0
peak_retimed,1,e_queue,1920.0,1980.0,2.22,5.0,0.0
peak_retimed,1,w_queue,1920.0,1980.0,1.67,4.0,0.0
peak_retimed,1,n_queue,1980.0,2040.0,1.32,4.0,0.0
peak_retimed,1,s_queue,1980.0,2040.0,0.83,3.0,0.0
peak_retimed,1,e_queue,1980.0,2040.0,2.17,5.0,0.0
peak_retimed,1,w_queue,1980.0,2040.0,1.9,5.0,0.0
peak_retimed,1,n_queue,2040.0,2100.0,0.97,5.0,0.0
peak_retimed,1,s_queue,2040.0,2100.0,0.52,2.0,0.0
peak_retimed,1,e_queue,2040.0,2100.0,2.55,5.0,0.0
peak_retimed,1,w_queue,2040.0,2100.0,2.17,5.0,0.0
peak_retimed,1,n_queue,2100.0,2160.0,0.53,4.0,0.0
peak_retimed,1,s_queue,2100.0,2160.0,0.15,2.0,0.0
peak_retimed,1,e_queue,2100.0,2160.0,2.93,5.0,0.0
peak_retimed,1,w_queue,2100.0,2160.0,1.93,4.0,0.0
peak_retimed,1,n_queue,2160.0,2220.0,1.08,5.0,0.0
peak_retimed,1,s_queue,2160.0,2220.0,0.5,3.0,0.0
peak_retimed,1,e_queue,2160.0,2220.0,2.42,5.0,0.0
peak_retimed,1,w_queue,2160.0,2220.0,1.53,4.0,0.0
peak_retimed,1,n_queue,2220.0,2280.0,0.9,4.0,0.0
peak_retimed,1,s_queue,2220.0,2280.0,0.38,2.0,0.0
peak_retimed,1,e_queue,2220.0,2280.0,1.82,4.0,0.0
peak_retimed,1,w_queue,2220.0,2280.0,1.5,4.0,0.0
peak_retimed,1,n_queue,2280.0,2340.0,1.32,4.0,0.0
peak_retimed,1,s_queue,2280.0,2340.0,0.82,3.0,0.0
peak_retimed,1,e_queue,2280.0,2340.0,2.05,5.0,0.0
peak_retimed,1,w_queue,2280.0,2340.0,1.67,4.0,0.0
peak_retimed,1,n_queue,2340.0,2400.0,1.05,4.0,0.0
peak_retimed,1,s_queue,2340.0,2400.0,0.53,3.0,0.0
peak_retimed,1,e_queue,2340.0,2400.0,2.3,6.0,0.0
peak_retimed,1,w_queue,2340.0,2400.0,1.9,5.0,0.0
peak_retimed,1,n_queue,2400.0,2460.0,1.33,5.0,0.0
peak_retimed,1,s_queue,2400.0,2460.0,0.72,3.0,0.0
peak_retimed,1,e_queue,2400.0,2460.0,2.2,5.0,0.0
peak_retimed,1,w_queue,2400.0,2460.0,1.93,5.0,0.0
peak_retimed,1,n_queue,2460.0,2520.0,1.53,5.0,0.0
peak_retimed,1,s_queue,2460.0,2520.0,0.67,3.0,0.0
peak_retimed,1,e_queue,2460.0,2520.0,2.43,5.0,0.0
peak_retimed,1,w_queue,2460.0,2520.0,2.17,5.0,0.0
peak_retimed,1,n_queue,2520.0,2580.0,0.5,5.0,0.0
peak_retimed,1,s_queue,2520.0,2580.0,0.33,2.0,0.0
peak_retimed,1,e_queue,2520.0,2580.0,2.67,5.0,0.0
peak_retimed,1,w_queue,2520.0,2580.0,2.37,5.0,0.0
peak_retimed,1,n_queue,2580.0,2640.0,0.7,4.0,0.0
peak_retimed,1,s_queue,2580.0,2640.0,0.45,3.0,0.0
peak_retimed,1,e_queue,2580.0,2640.0,2.3,5.0,0.0
peak_retimed,1,w_queue,2580.0,2640.0,2.13,4.0,0.0
peak_retimed,1,n_queue,2640.0,2700.0,1.68,6.0,0.0
peak_retimed,1,s_queue,2640.0,2700.0,0.67,3.0,0.0
peak_retimed,1,e_queue,2640.0,2700.0,1.45,4.0,0.0
peak_retimed,1,w_queue,2640.0,2700.0,1.52,4.0,0.0
peak_retimed,1,n_queue,2700.0,2760.0,1.35,5.0,0.0
peak_retimed,1,s_queue,2700.0,2760.0,0.67,3.0,0.0
peak_retimed,1,e_queue,2700.0,2760.0,1.82,5.0,0.0
peak_retimed,1,w_queue,2700.0,2760.0,1.53,4.0,0.0
peak_retimed,1,n_queue,2760.0,2820.0,1.58,5.0,0.0
peak_retimed,1,s_queue,2760.0,2820.0,0.62,2.0,0.0
peak_retimed,1,e_queue,2760.0,2820.0,1.8,5.0,0.0
peak_retimed,1,w_queue,2760.0,2820.0,1.82,4.0,0.0
peak_retimed,1,n_queue,2820.0,2880.0,1.52,5.0,0.0
peak_retimed,1,s_queue,2820.0,2880.0,0.63,2.0,0.0
peak_retimed,1,e_queue,2820.0,2880.0,2.0,5.0,0.0
peak_retimed,1,w_queue,2820.0,2880.0,1.68,4.0,0.0
peak_retimed,1,n_queue,2880.0,2940.0,0.83,4.0,0.0
peak_retimed,1,s_queue,2880.0,2940.0,0.73,3.0,0.0
peak_retimed,1,e_queue,2880.0,2940.0,2.05,4.0,0.0
peak_retimed,1,w_queue,2880.0,2940.0,1.92,4.0,0.0
peak_retimed,1,n_queue,2940.0,3000.0,0.92,4.0,0.0
peak_retimed,1,s_queue,2940.0,3000.0,0.25,2.0,0.0
peak_retimed,1,e_queue,2940.0,3000.0,2.22,5.0,0.0
peak_retimed,1,w_queue,2940.0,3000.0,2.37,5.0,0.0
peak_retimed,1,n_queue,3000.0,3060.0,1.3,6.0,0.0
peak_retimed,1,s_queue,3000.0,3060.0,0.38,3.0,0.0
peak_retimed,1,e_queue,3000.0,3060.0,2.57,5.0,0.0
peak_retimed,1,w_queue,3000.0,3060.0,2.32,5.0,0.0
peak_retimed,1,n_queue,3060.0,3120.0,1.17,5.0,0.0
peak_retimed,1,s_queue,3060.0,3120.0,0.38,2.0,0.0
peak_retimed,1,e_queue,3060.0,3120.0,1.73,4.0,0.0
peak_retimed,1,w_queue,3060.0,3120.0,1.68,4.0,0.0
peak_retimed,1,n_queue,3120.0,3180.0,1.18,4.0,0.0
peak_retimed,1,s_queue,3120.0,3180.0,0.58,2.0,0.0
peak_retimed,1,e_queue,3120.0,3180.0,1.93,4.0,0.0
peak_retimed,1,w_queue,3120.0,3180.0,1.77,5.0,0.0
peak_retimed,1,n_queue,3180.0,3240.0,1.33,6.0,0.0
peak_retimed,1,s_queue,3180.0,3240.0,0.75,3.0,0.0
peak_retimed,1,e_queue,3180.0,3240.0,2.13,5.0,0.0
peak_retimed,1,w_queue,3180.0,3240.0,1.7,5.0,0.0
peak_retimed,1,n_queue,3240.0,3300.0,1.03,4.0,0.0
peak_retimed,1,s_queue,3240.0,3300.0,0.62,3.0,0.0
peak_retimed,1,e_queue,3240.0,3300.0,2.35,5.0,0.0
peak_retimed,1,w_queue,3240.0,3300.0,1.83,4.0,0.0
peak_retimed,1,n_queue,3300.0,3360.0,0.9,4.0,0.0
peak_retimed,1,s_queue,3300.0,3360.0,0.47,3.0,0.0
peak_retimed,1,e_queue,3300.0,3360.0,2.13,5.0,0.0
peak_retimed,1,w_queue,3300.0,3360.0,1.73,4.0,0.0
peak_retimed,1,n_queue,3360.0,3420.0,0.53,3.0,0.0
peak_retimed,1,s_queue,3360.0,3420.0,0.32,2.0,0.0
peak_retimed,1,e_queue,3360.0,3420.0,2.27,5.0,0.0
peak_retimed,1,w_queue,3360.0,3420.0,2.38,5.0,0.0
peak_retimed,1,n_queue,3420.0,3480.0,0.98,4.0,0.0
peak_retimed,1,s_queue,3420.0,3480.0,0.53,3.0,0.0
peak_retimed,1,e_queue,3420.0,3480.0,2.27,5.0,0.0
peak_retimed,1,w_queue,3420.0,3480.0,1.78,4.0,0.0
peak_retimed,1,n_queue,3480.0,3540.0,1.5,6.0,0.0
peak_retimed,1,s_queue,3480.0,3540.0,0.63,2.0,0.0
peak_retimed,1,e_queue,3480.0,3540.0,2.25,5.0,0.0
peak_retimed,1,w_queue,3480.0,3540.0,1.18,3.0,0.0
peak_retimed,1,n_queue,3540.0,3600.0,1.45,5.0,0.0
peak_retimed,1,s_queue,3540.0,3600.0,0.53,2.0,0.0
peak_retimed,1,e_queue,3540.0,3600.0,2.23,6.0,0.0
peak_retimed,1,w_queue,3540.0,3600.0,1.43,4.0,0.0
peak_retimed,1,n_queue,3600.0,3660.0,0.87,4.0,0.0
peak_retimed,1,s_queue,3600.0,3660.0,0.4,2.0,0.0
peak_retimed,1,e_queue,3600.0,3660.0,2.03,5.0,0.0
peak_retimed,1,w_queue,3600.0,3660.0,1.3,4.0,0.0
peak_retimed,1,n_queue,3660.0,3720.0,0.0,0.0,0.0
peak_retimed,1,s_queue,3660.0,3720.0,0.0,0.0,0.0
peak_retimed,1,e_queue,3660.0,3720.0,0.47,1.0,0.0
peak_retimed,1,w_queue,3660.0,3720.0,0.0,0.0,0.0
peak_retimed,1,n_queue,3720.0,3780.0,0.0,0.0,0.0
peak_retimed,1,s_queue,3720.0,3780.0,0.0,0.0,0.0
peak_retimed,1,e_queue,3720.0,3780.0,0.0,0.0,0.0
peak_retimed,1,w_queue,3720.0,3780.0,0.0,0.0,0.0
peak_retimed,1,n_queue,3780.0,3840.0,0.0,0.0,0.0
peak_retimed,1,s_queue,3780.0,3840.0,0.0,0.0,0.0
peak_retimed,1,e_queue,3780.0,3840.0,0.0,0.0,0.0
peak_retimed,1,w_queue,3780.0,3840.0,0.0,0.0,0.0
peak_retimed,1,n_queue,3840.0,3900.0,0.0,0.0,0.0
peak_retimed,1,s_queue,3840.0,3900.0,0.0,0.0,0.0
peak_retimed,1,e_queue,3840.0,3900.0,0.0,0.0,0.0
peak_retimed,1,w_queue,3840.0,3900.0,0.0,0.0,0.0
peak_retimed,1,n_queue,3900.0,3960.0,0.0,0.0,0.0
peak_retimed,1,s_queue,3900.0,3960.0,0.0,0.0,0.0
peak_retimed,1,e_queue,3900.0,3960.0,0.0,0.0,0.0
peak_retimed,1,w_queue,3900.0,3960.0,0.0,0.0,0.0
peak_retimed,1,n_queue,3960.0,4020.0,0.0,0.0,0.0
peak_retimed,1,s_queue,3960.0,4020.0,0.0,0.0,0.0
peak_retimed,1,e_queue,3960.0,4020.0,0.0,0.0,0.0
peak_retimed,1,w_queue,3960.0,4020.0,0.0,0.0,0.0
peak_retimed,1,n_queue,4020.0,4080.0,0.0,0.0,0.0
peak_retimed,1,s_queue,4020.0,4080.0,0.0,0.0,0.0
peak_retimed,1,e_queue,4020.0,4080.0,0.0,0.0,0.0
peak_retimed,1,w_queue,4020.0,4080.0,0.0,0.0,0.0
peak_retimed,1,n_queue,4080.0,4140.0,0.0,0.0,0.0
peak_retimed,1,s_queue,4080.0,4140.0,0.0,0.0,0.0
peak_retimed,1,e_queue,4080.0,4140.0,0.0,0.0,0.0
peak_retimed,1,w_queue,4080.0,4140.0,0.0,0.0,0.0
peak_retimed,1,n_queue,4140.0,4200.0,0.0,0.0,0.0
peak_retimed,1,s_queue,4140.0,4200.0,0.0,0.0,0.0
peak_retimed,1,e_queue,4140.0,4200.0,0.0,0.0,0.0
peak_retimed,1,w_queue,4140.0,4200.0,0.0,0.0,0.0
peak_retimed,1,n_queue,4200.0,4260.0,0.0,0.0,0.0
peak_retimed,1,s_queue,4200.0,4260.0,0.0,0.0,0.0
peak_retimed,1,e_queue,4200.0,4260.0,0.0,0.0,0.0
peak_retimed,1,w_queue,4200.0,4260.0,0.0,0.0,0.0
peak_retimed,1,n_queue,4260.0,4320.0,0.0,0.0,0.0
peak_retimed,1,s_queue,4260.0,4320.0,0.0,0.0,0.0
peak_retimed,1,e_queue,4260.0,4320.0,0.0,0.0,0.0
peak_retimed,1,w_queue,4260.0,4320.0,0.0,0.0,0.0
peak_retimed,1,n_queue,4320.0,4380.0,0.0,0.0,0.0
peak_retimed,1,s_queue,4320.0,4380.0,0.0,0.0,0.0
peak_retimed,1,e_queue,4320.0,4380.0,0.0,0.0,0.0
peak_retimed,1,w_queue,4320.0,4380.0,0.0,0.0,0.0
peak_retimed,1,n_queue,4380.0,4440.0,0.0,0.0,0.0
peak_retimed,1,s_queue,4380.0,4440.0,0.0,0.0,0.0
peak_retimed,1,e_queue,4380.0,4440.0,0.0,0.0,0.0
peak_retimed,1,w_queue,4380.0,4440.0,0.0,0.0,0.0
peak_retimed,1,n_queue,4440.0,4500.0,0.0,0.0,0.0
peak_retimed,1,s_queue,4440.0,4500.0,0.0,0.0,0.0
peak_retimed,1,e_queue,4440.0,4500.0,0.0,0.0,0.0
peak_retimed,1,w_queue,4440.0,4500.0,0.0,0.0,0.0
peak_retimed,2,n_queue,0.0,60.0,0.4,3.0,0.0
peak_retimed,2,s_queue,0.0,60.0,0.15,1.0,0.0
peak_retimed,2,e_queue,0.0,60.0,0.0,0.0,0.0
peak_retimed,2,w_queue,0.0,60.0,0.08,1.0,0.0
peak_retimed,2,n_queue,60.0,120.0,0.75,4.0,0.0
peak_retimed,2,s_queue,60.0,120.0,0.35,2.0,0.0
peak_retimed,2,e_queue,60.0,120.0,1.75,4.0,0.0
peak_retimed,2,w_queue,60.0,120.0,1.35,3.0,0.0
peak_retimed,2,n_queue,120.0,180.0,0.68,3.0,0.0
peak_retimed,2,s_queue,120.0,180.0,0.38,2.0,0.0
peak_retimed,2,e_queue,120.0,180.0,1.37,3.0,0.0
peak_retimed,2,w_queue,120.0,180.0,1.5,3.0,0.0
peak_retimed,2,n_queue,180.0,240.0,0.9,3.0,0.0
peak_retimed,2,s_queue,180.0,240.0,0.53,2.0,0.0
peak_retimed,2,e_queue,180.0,240.0,1.27,4.0,0.0
peak_retimed,2,w_queue,180.0,240.0,1.43,4.0,0.0
peak_retimed,2,n_queue,240.0,300.0,0.73,3.0,0.0
peak_retimed,2,s_queue,240.0,300.0,0.55,2.0,0.0
peak_retimed,2,e_queue,240.0,300.0,1.33,4.0,0.0
peak_retimed,2,w_queue,240.0,300.0,1.38,4.0,0.0
peak_retimed,2,n_queue,300.0,360.0,0.95,4.0,0.0
peak_retimed,2,s_queue,300.0,360.0,0.35,2.0,0.0
peak_retimed,2,e_queue,300.0,360.0,1.58,4.0,0.0
peak_retimed,2,w_queue,300.0,360.0,1.3,3.0,0.0
peak_retimed,2,n_queue,360.0,420.0,0.65,4.0,0.0
peak_retimed,2,s_queue,360.0,420.0,0.27,2.0,0.0
peak_retimed,2,e_queue,360.0,420.0,1.72,4.0,0.0
peak_retimed,2,w_queue,360.0,420.0,1.6,4.0,0.0
peak_retimed,2,n_queue,420.0,480.0,0.5,3.0,0.0
peak_retimed,2,s_queue,420.0,480.0,0.15,1.0,0.0
peak_retimed,2,e_queue,420.0,480.0,2.1,4.0,0.0
peak_retimed,2,w_queue,420.0,480.0,1.85,4.0,0.0
peak_retimed,2,n_queue,480.0,540.0,0.77,4.0,0.0
peak_retimed,2,s_queue,480.0,540.0,0.35,2.0,0.0
peak_retimed,2,e_queue,480.0,540.0,2.03,4.0,0.0
peak_retimed,2,w_queue,480.0,540.0,1.6,3.0,0.0
peak_retimed,2,n_queue,540.0,600.0,1.12,5.0,0.0
peak_retimed,2,s_queue,540.0,600.0,0.43,2.0,0.0
peak_retimed,2,e_queue,540.0,600.0,1.43,3.0,0.0
peak_retimed,2,w_queue,540.0,600.0,0.97,3.0,0.0
peak_retimed,2,n_queue,600.0,660.0,0.75,3.0,0.0
peak_retimed,2,s_queue,600.0,660.0,0.35,2.0,0.0
peak_retimed,2,e_queue,600.0,660.0,1.28,4.0,0.0
peak_retimed,2,w_queue,600.0,660.0,1.15,3.0,0.0
peak_retimed,2,n_queue,660.0,720.0,0.78,3.0,0.0
peak_retimed,2,s_queue,660.0,720.0,0.83,3.0,0.0
peak_retimed,2,e_queue,660.0,720.0,1.38,3.0,0.0
peak_retimed,2,w_queue,660.0,720.0,1.52,3.0,0.0
peak_retimed,2,n_queue,720.0,780.0,0.95,4.0,0.0
peak_retimed,2,s_queue,720.0,780.0,0.63,2.0,0.0
peak_retimed,2,e_queue,720.0,780.0,1.58,4.0,0.0
peak_retimed,2,w_queue,720.0,780.0,1.48,4.0,0.0
peak_retimed,2,n_queue,780.0,840.0,1.02,4.0,0.0
peak_retimed,2,s_queue,780.0,840.0,0.48,2.0,0.0
peak_retimed,2,e_queue,780.0,840.0,1.75,4.0,0.0
peak_retimed,2,w_queue,780.0,840.0,1.78,4.0,0.0
peak_retimed,2,n_queue,840.0,900.0,0.52,3.0,0.0
peak_retimed,2,s_queue,840.0,900.0,0.25,1.0,0.0
peak_retimed,2,e_queue,840.0,900.0,1.98,4.0,0.0
peak_retimed,2,w_queue,840.0,900.0,2.15,4.0,0.0
peak_retimed,2,n_queue,900.0,960.0,0.8,4.0,0.0
peak_retimed,2,s_queue,900.0,960.0,0.37,2.0,0.0
peak_retimed,2,e_queue,900.0,960.0,1.72,4.0,0.0
peak_retimed,2,w_queue,900.0,960.0,1.32,3.0,0.0
peak_retimed,2,n_queue,960.0,1020.0,1.07,4.0,0.0
peak_retimed,2,s_queue,960.0,1020.0,0.48,2.0,0.0
peak_retimed,2,e_queue,960.0,1020.0,1.52,4.0,0.0
peak_retimed,2,w_queue,960.0,1020.0,1.17,3.0,0.0
peak_retimed,2,n_queue,1020.0,1080.0,1.12,4.0,0.0
peak_retimed,2,s_queue,1020.0,1080.0,0.55,2.0,0.0
peak_retimed,2,e_queue,1020.0,1080.0,1.55,4.0,0.0
peak_retimed,2,w_queue,1020.0,1080.0,1.48,4.0,0.0
peak_retimed,2,n_queue,1080.0,1140.0,1.27,4.0,0.0
peak_retimed,2,s_queue,1080.0,1140.0,0.65,3.0,0.0
peak_retimed,2,e_queue,1080.0,1140.0,1.73,4.0,0.0
peak_retimed,2,w_queue,1080.0,1140.0,1.95,4.0,0.0
peak_retimed,2,n_queue,1140.0,1200.0,1.78,5.0,0.0
peak_retimed,2,s_queue,1140.0,1200.0,0.62,2.0,0.0
peak_retimed,2,e_queue,1140.0,1200.0,1.73,4.0,0.0
peak_retimed,2,w_queue,1140.0,1200.0,1.97,4.0,0.0
peak_retimed,2,n_queue,1200.0,1260.0,0.75,3.0,0.0
peak_retimed,2,s_queue,1200.0,1260.0,0.62,3.0,0.0
peak_retimed,2,e_queue,1200.0,1260.0,2.07,4.0,0.0
peak_retimed,2,w_queue,1200.0,1260.0,1.88,4.0,0.0
peak_retimed,2,n_queue,1260.0,1320.0,0.42,3.0,0.0
peak_retimed,2,s_queue,1260.0,1320.0,0.32,2.0,0.0
peak_retimed,2,e_queue,1260.0,1320.0,2.12,4.0,0.0
peak_retimed,2,w_queue,1260.0,1320.0,1.68,3.0,0.0
peak_retimed,2,n_queue,1320.0,1380.0,0.9,5.0,0.0
peak_retimed,2,s_queue,1320.0,1380.0,0.42,2.0,0.0
peak_retimed,2,e_queue,1320.0,1380.0,2.02,5.0,0.0
peak_retimed,2,w_queue,1320.0,1380.0,2.17,5.0,0.0
peak_retimed,2,n_queue,1380.0,1440.0,1.07,5.0,0.0
peak_retimed,2,s_queue,1380.0,1440.0,0.9,3.0,0.0
peak_retimed,2,e_queue,1380.0,1440.0,1.55,4.0,0.0
peak_retimed,2,w_queue,1380.0,1440.0,1.77,4.0,0.0
peak_retimed,2,n_queue,1440.0,1500.0,0.98,4.0,0.0
peak_retimed,2,s_queue,1440.0,1500.0,0.93,3.0,0.0
peak_retimed,2,e_queue,1440.0,1500.0,1.57,4.0,0.0
peak_retimed,2,w_queue,1440.0,1500.0,1.23,4.0,0.0
peak_retimed,2,n_queue,1500.0,1560.0,0.87,4.0,0.0
peak_retimed,2,s_queue,1500.0,1560.0,0.43,2.0,0.0
peak_retimed,2,e_queue,1500.0,1560.0,1.77,4.0,0.0
peak_retimed,2,w_queue,1500.0,1560.0,1.4,4.0,0.0
peak_retimed,2,n_queue,1560.0,1620.0,1.02,4.0,0.0
peak_retimed,2,s_queue,1560.0,1620.0,0.45,2.0,0.0
peak_retimed,2,e_queue,1560.0,1620.0,2.05,5.0,0.0
peak_retimed,2,w_queue,1560.0,1620.0,1.45,4.0,0.0
peak_retimed,2,n_queue,1620.0,1680.0,1.2,4.0,0.0
peak_retimed,2,s_queue,1620.0,1680.0,0.82,3.0,0.0
peak_retimed,2,e_queue,1620.0,1680.0,1.75,4.0,0.0
peak_retimed,2,w_queue,1620.0,1680.0,1.62,4.0,0.0
peak_retimed,2,n_queue,1680.0,1740.0,0.58,3.0,0.0
peak_retimed,2,s_queue,1680.0,1740.0,0.17,2.0,0.0
peak_retimed,2,e_queue,1680.0,1740.0,2.13,5.0,0.0
peak_retimed,2,w_queue,1680.0,1740.0,2.1,4.0,0.0
peak_retimed,2,n_queue,1740.0,1800.0,0.78,4.0,0.0
peak_retimed,2,s_queue,1740.0,1800.0,0.38,2.0,0.0
peak_retimed,2,e_queue,1740.0,1800.0,1.8,4.0,0.0
peak_retimed,2,w_queue,1740.0,1800.0,1.98,4.0,0.0
peak_retimed,2,n_queue,1800.0,1860.0,1.27,5.0,0.0
peak_retimed,2,s_queue,1800.0,1860.0,0.52,2.0,0.0
peak_retimed,2,e_queue,1800.0,1860.0,1.35,4.0,0.0
peak_retimed,2,w_queue,1800.0,1860.0,1.5,4.0,0.0
peak_retimed,2,n_queue,1860.0,1920.0,1.23,4.0,0.0
peak_retimed,2,s_queue,1860.0,1920.0,0.65,3.0,0.0
peak_retimed,2,e_queue,1860.0,1920.0,1.6,5.0,0.0
peak_retimed,2,w_queue,1860.0,1920.0,1.5,4.0,0.0
peak_retimed,2,n_queue,1920.0,1980.0,1.23,4.0,0.0
peak_retimed,2,s_queue,1920.0,1980.0,0.62,2.0,0.0
peak_retimed,2,e_queue,1920.0,1980.0,1.9,5.0,0.0
peak_retimed,2,w_queue,1920.0,1980.0,1.82,4.0,0.0
peak_retimed,2,n_queue,1980.0,2040.0,1.22,5.0,0.0
peak_retimed,2,s_queue,1980.0,2040.0,0.57,3.0,0.0
peak_retimed,2,e_queue,1980.0,2040.0,2.05,5.0,0.0
peak_retimed,2,w_queue,1980.0,2040.0,1.85,4.0,0.0
peak_retimed,2,n_queue,2040.0,2100.0,0.9,5.0,0.0
peak_retimed,2,s_queue,2040.0,2100.0,0.82,3.0,0.0
peak_retimed,2,e_queue,2040.0,2100.0,2.07,5.0,0.0
peak_retimed,2,w_queue,2040.0,2100.0,2.13,4.0,0.0
peak_retimed,2,n_queue,2100.0,2160.0,0.58,4.0,0.0
peak_retimed,2,s_queue,2100.0,2160.0,0.23,2.0,0.0
peak_retimed,2,e_queue,2100.0,2160.0,2.38,5.0,0.0
peak_retimed,2,w_queue,2100.0,2160.0,1.75,4.0,0.0
peak_retimed,2,n_queue,2160.0,2220.0,1.2,5.0,0.0
peak_retimed,2,s_queue,2160.0,2220.0,0.45,3.0,0.0
peak_retimed,2,e_queue,2160.0,2220.0,2.0,5.0,0.0
peak_retimed,2,w_queue,2160.0,2220.0,2.17,4.0,0.0
peak_retimed,2,n_queue,2220.0,2280.0,1.58,5.0,0.0
peak_retimed,2,s_queue,2220.0,2280.0,0.73,3.0,0.0
peak_retimed,2,e_queue,2220.0,2280.0,2.05,5.0,0.0
peak_retimed,2,w_queue,2220.0,2280.0,1.83,4.0,0.0
peak_retimed,2,n_queue,2280.0,2340.0,1.95,6.0,0.0
peak_retimed,2,s_queue,2280.0,2340.0,0.9,3.0,0.0
peak_retimed,2,e_queue,2280.0,2340.0,2.08,5.0,0.0
peak_retimed,2,w_queue,2280.0,2340.0,1.75,5.0,0.0
peak_retimed,2,n_queue,2340.0,2400.0,1.2,5.0,0.0
peak_retimed,2,s_queue,2340.0,2400.0,0.58,2.0,0.0
peak_retimed,2,e_queue,2340.0,2400.0,2.08,5.0,0.0
peak_retimed,2,w_queue,2340.0,2400.0,1.88,4.0,0.0
peak_retimed,2,n_queue,2400.0,2460.0,1.38,5.0,0.0
peak_retimed,2,s_queue,2400.0,2460.0,0.67,2.0,0.0
peak_retimed,2,e_queue,2400.0,2460.0,1.98,5.0,0.0
peak_retimed,2,w_queue,2400.0,2460.0,1.83,4.0,0.0
peak_retimed,2,n_queue,2460.0,2520.0,1.08,5.0,0.0
peak_retimed,2,s_queue,2460.0,2520.0,0.5,3.0,0.0
peak_retimed,2,e_queue,2460.0,2520.0,2.35,5.0,0.0
peak_retimed,2,w_queue,2460.0,2520.0,1.83,4.0,0.0
peak_retimed,2,n_queue,2520.0,2580.0,0.62,4.0,0.0
peak_retimed,2,s_queue,2520.0,2580.0,0.2,2.0,0.0
peak_retimed,2,e_queue,2520.0,2580.0,2.07,4.0,0.0
peak_retimed,2,w_queue,2520.0,2580.0,2.48,5.0,0.0
peak_retimed,2,n_queue,2580.0,2640.0,1.05,5.0,0.0
peak_retimed,2,s_queue,2580.0,2640.0,0.43,3.0,0.0
peak_retimed,2,e_queue,2580.0,2640.0,2.4,5.0,0.0
peak_retimed,2,w_queue,2580.0,2640.0,2.13,5.0,0.0
peak_retimed,2,n_queue,2640.0,2700.0,1.5,5.0,0.0
peak_retimed,2,s_queue,2640.0,2700.0,0.68,3.0,0.0
peak_retimed,2,e_queue,2640.0,2700.0,1.87,5.0,0.0
peak_retimed,2,w_queue,2640.0,2700.0,1.62,4.0,0.0
peak_retimed,2,n_queue,2700.0,2760.0,1.6,5.0,0.0
peak_retimed,2,s_queue,2700.0,2760.0,1.1,4.0,0.0
peak_retimed,2,e_queue,2700.0,2760.0,1.97,5.0,0.0
peak_retimed,2,w_queue,2700.0,2760.0,1.68,4.0,0.0
peak_retimed,2,n_queue,2760.0,2820.0,1.03,5.0,0.0
peak_retimed,2,s_queue,2760.0,2820.0,0.48,2.0,0.0
peak_retimed,2,e_queue,2760.0,2820.0,1.98,5.0,0.0
peak_retimed,2,w_queue,2760.0,2820.0,1.67,4.0,0.0
peak_retimed,2,n_queue,2820.0,2880.0,1.03,5.0,0.0
peak_retimed,2,s_queue,2820.0,2880.0,0.73,3.0,0.0
peak_retimed,2,e_queue,2820.0,2880.0,2.0,4.0,0.0
peak_retimed,2,w_queue,2820.0,2880.0,1.85,4.0,0.0
peak_retimed,2,n_queue,2880.0,2940.0,1.13,5.0,0.0
peak_retimed,2,s_queue,2880.0,2940.0,0.32,2.0,0.0
peak_retimed,2,e_queue,2880.0,2940.0,2.1,4.0,0.0
peak_retimed,2,w_queue,2880.0,2940.0,1.97,4.0,0.0
peak_retimed,2,n_queue,2940.0,3000.0,0.7,4.0,0.0
peak_retimed,2,s_queue,2940.0,3000.0,0.37,2.0,0.0
peak_retimed,2,e_queue,2940.0,3000.0,2.35,5.0,0.0
peak_retimed,2,w_queue,2940.0,3000.0,2.05,4.0,0.0
peak_retimed,2,n_queue,3000.0,3060.0,1.02,5.0,0.0
peak_retimed,2,s_queue,3000.0,3060.0,0.52,3.0,0.0
peak_retimed,2,e_queue,3000.0,3060.0,2.07,5.0,0.0
peak_retimed,2,w_queue,3000.0,3060.0,1.78,4.0,0.0
peak_retimed,2,n_queue,3060.0,3120.0,1.0,3.0,0.0
peak_retimed,2,s_queue,3060.0,3120.0,0.65,3.0,0.0
peak_retimed,2,e_queue,3060.0,3120.0,1.53,4.0,0.0
peak_retimed,2,w_queue,3060.0,3120.0,1.68,4.0,0.0
peak_retimed,2,n_queue,3120.0,3180.0,1.82,6.0,0.0
peak_retimed,2,s_queue,3120.0,3180.0,0.62,2.0,0.0
peak_retimed,2,e_queue,3120.0,3180.0,1.67,5.0,0.0
peak_retimed,2,w_queue,3120.0,3180.0,1.65,5.0,0.0
peak_retimed,2,n_queue,3180.0,3240.0,1.3,5.0,0.0
peak_retimed,2,s_queue,3180.0,3240.0,0.83,3.0,0.0
peak_retimed,2,e_queue,3180.0,3240.0,1.8,5.0,0.0
peak_retimed,2,w_queue,3180.0,3240.0,1.72,4.0,0.0
peak_retimed,2,n_queue,3240.0,3300.0,1.47,5.0,0.0
peak_retimed,2,s_queue,3240.0,3300.0,0.58,3.0,0.0
peak_retimed,2,e_queue,3240.0,3300.0,2.03,5.0,0.0
peak_retimed,2,w_queue,3240.0,3300.0,1.93,4.0,0.0
peak_retimed,2,n_queue,3300.0,3360.0,1.1,5.0,0.0
peak_retimed,2,s_queue,3300.0,3360.0,0.52,2.0,0.0
peak_retimed,2,e_queue,3300.0,3360.0,2.18,5.0,0.0
peak_retimed,2,w_queue,3300.0,3360.0,2.33,5.0,0.0
peak_retimed,2,n_queue,3360.0,3420.0,0.73,4.0,0.0
peak_retimed,2,s_queue,3360.0,3420.0,0.27,2.0,0.0
peak_retimed,2,e_queue,3360.0,3420.0,2.33,5.0,0.0
peak_retimed,2,w_queue,3360.0,3420.0,1.78,4.0,0.0
peak_retimed,2,n_queue,3420.0,3480.0,1.02,5.0,0.0
peak_retimed,2,s_queue,3420.0,3480.0,0.5,3.0,0.0
peak_retimed,2,e_queue,3420.0,3480.0,2.7,5.0,0.0
peak_retimed,2,w_queue,3420.0,3480.0,2.23,5.0,0.0
peak_retimed,2,n_queue,3480.0,3540.0,1.02,4.0,0.0
peak_retimed,2,s_queue,3480.0,3540.0,0.7,3.0,0.0
peak_retimed,2,e_queue,3480.0,3540.0,1.68,4.0,0.0
peak_retimed,2,w_queue,3480.0,3540.0,1.6,4.0,0.0
peak_retimed,2,n_queue,3540.0,3600.0,1.23,5.0,0.0
peak_retimed,2,s_queue,3540.0,3600.0,0.75,3.0,0.0
peak_retimed,2,e_queue,3540.0,3600.0,1.77,5.0,0.0
peak_retimed,2,w_queue,3540.0,3600.0,1.9,4.0,0.0
peak_retimed,2,n_queue,3600.0,3660.0,1.38,5.0,0.0
peak_retimed,2,s_queue,3600.0,3660.0,0.52,2.0,0.0
peak_retimed,2,e_queue,3600.0,3660.0,1.45,4.0,0.0
peak_retimed,2,w_queue,3600.0,3660.0,1.52,5.0,0.0
peak_retimed,2,n_queue,3660.0,3720.0,0.0,0.0,0.0
peak_retimed,2,s_queue,3660.0,3720.0,0.0,0.0,0.0
peak_retimed,2,e_queue,3660.0,3720.0,0.47,1.0,0.0
peak_retimed,2,w_queue,3660.0,3720.0,0.0,0.0,0.0
peak_retimed,2,n_queue,3720.0,3780.0,0.0,0.0,0.0
peak_retimed,2,s_queue,3720.0,3780.0,0.0,0.0,0.0
peak_retimed,2,e_queue,3720.0,3780.0,0.0,0.0,0.0
peak_retimed,2,w_queue,3720.0,3780.0,0.0,0.0,0.0
peak_retimed,2,n_queue,3780.0,3840.0,0.0,0.0,0.0
peak_retimed,2,s_queue,3780.0,3840.0,0.0,0.0,0.0
peak_retimed,2,e_queue,3780.0,3840.0,0.0,0.0,0.0
peak_retimed,2,w_queue,3780.0,3840.0,0.0,0.0,0.0
peak_retimed,2,n_queue,3840.0,3900.0,0.0,0.0,0.0
peak_retimed,2,s_queue,3840.0,3900.0,0.0,0.0,0.0
peak_retimed,2,e_queue,3840.0,3900.0,0.0,0.0,0.0
peak_retimed,2,w_queue,3840.0,3900.0,0.0,0.0,0.0
peak_retimed,2,n_queue,3900.0,3960.0,0.0,0.0,0.0
peak_retimed,2,s_queue,3900.0,3960.0,0.0,0.0,0.0
peak_retimed,2,e_queue,3900.0,3960.0,0.0,0.0,0.0
peak_retimed,2,w_queue,3900.0,3960.0,0.0,0.0,0.0
peak_retimed,2,n_queue,3960.0,4020.0,0.0,0.0,0.0
peak_retimed,2,s_queue,3960.0,4020.0,0.0,0.0,0.0
peak_retimed,2,e_queue,3960.0,4020.0,0.0,0.0,0.0
peak_retimed,2,w_queue,3960.0,4020.0,0.0,0.0,0.0
peak_retimed,2,n_queue,4020.0,4080.0,0.0,0.0,0.0
peak_retimed,2,s_queue,4020.0,4080.0,0.0,0.0,0.0
peak_retimed,2,e_queue,4020.0,4080.0,0.0,0.0,0.0
peak_retimed,2,w_queue,4020.0,4080.0,0.0,0.0,0.0
peak_retimed,2,n_queue,4080.0,4140.0,0.0,0.0,0.0
peak_retimed,2,s_queue,4080.0,4140.0,0.0,0.0,0.0
peak_retimed,2,e_queue,4080.0,4140.0,0.0,0.0,0.0
peak_retimed,2,w_queue,4080.0,4140.0,0.0,0.0,0.0
peak_retimed,2,n_queue,4140.0,4200.0,0.0,0.0,0.0
peak_retimed,2,s_queue,4140.0,4200.0,0.0,0.0,0.0
peak_retimed,2,e_queue,4140.0,4200.0,0.0,0.0,0.0
peak_retimed,2,w_queue,4140.0,4200.0,0.0,0.0,0.0
peak_retimed,2,n_queue,4200.0,4260.0,0.0,0.0,0.0
peak_retimed,2,s_queue,4200.0,4260.0,0.0,0.0,0.0
peak_retimed,2,e_queue,4200.0,4260.0,0.0,0.0,0.0
peak_retimed,2,w_queue,4200.0,4260.0,0.0,0.0,0.0
peak_retimed,2,n_queue,4260.0,4320.0,0.0,0.0,0.0
peak_retimed,2,s_queue,4260.0,4320.0,0.0,0.0,0.0
peak_retimed,2,e_queue,4260.0,4320.0,0.0,0.0,0.0
peak_retimed,2,w_queue,4260.0,4320.0,0.0,0.0,0.0
peak_retimed,2,n_queue,4320.0,4380.0,0.0,0.0,0.0
peak_retimed,2,s_queue,4320.0,4380.0,0.0,0.0,0.0
peak_retimed,2,e_queue,4320.0,4380.0,0.0,0.0,0.0
peak_retimed,2,w_queue,4320.0,4380.0,0.0,0.0,0.0
peak_retimed,2,n_queue,4380.0,4440.0,0.0,0.0,0.0
peak_retimed,2,s_queue,4380.0,4440.0,0.0,0.0,0.0
peak_retimed,2,e_queue,4380.0,4440.0,0.0,0.0,0.0
peak_retimed,2,w_queue,4380.0,4440.0,0.0,0.0,0.0
peak_retimed,2,n_queue,4440.0,4500.0,0.0,0.0,0.0
peak_retimed,2,s_queue,4440.0,4500.0,0.0,0.0,0.0
peak_retimed,2,e_queue,4440.0,4500.0,0.0,0.0,0.0
peak_retimed,2,w_queue,4440.0,4500.0,0.0,0.0,0.0
peak_retimed,3,n_queue,0.0,60.0,0.22,2.0,0.0
peak_retimed,3,s_queue,0.0,60.0,0.17,1.0,0.0
peak_retimed,3,e_queue,0.0,60.0,0.12,1.0,0.0
peak_retimed,3,w_queue,0.0,60.0,0.13,1.0,0.0
peak_retimed,3,n_queue,60.0,120.0,0.55,3.0,0.0
peak_retimed,3,s_queue,60.0,120.0,0.33,2.0,0.0
peak_retimed,3,e_queue,60.0,120.0,1.65,4.0,0.0
peak_retimed,3,w_queue,60.0,120.0,1.68,3.0,0.0
peak_retimed,3,n_queue,120.0,180.0,0.78,4.0,0.0
peak_retimed,3,s_queue,120.0,180.0,0.57,2.0,0.0
peak_retimed,3,e_queue,120.0,180.0,1.38,3.0,0.0
peak_retimed,3,w_queue,120.0,180.0,1.2,3.0,0.0
peak_retimed,3,n_queue,180.0,240.0,1.57,5.0,0.0
peak_retimed,3,s_queue,180.0,240.0,0.5,3.0,0.0
peak_retimed,3,e_queue,180.0,240.0,1.28,4.0,0.0
peak_retimed,3,w_queue,180.0,240.0,1.08,3.0,0.0
peak_retimed,3,n_queue,240.0,300.0,0.85,4.0,0.0
peak_retimed,3,s_queue,240.0,300.0,0.57,2.0,0.0
peak_retimed,3,e_queue,240.0,300.0,1.25,4.0,0.0
peak_retimed,3,w_queue,240.0,300.0,1.02,3.0,0.0
peak_retimed,3,n_queue,300.0,360.0,1.32,5.0,0.0
peak_retimed,3,s_queue,300.0,360.0,0.3,2.0,0.0
peak_retimed,3,e_queue,300.0,360.0,1.57,4.0,0.0
peak_retimed,3,w_queue,300.0,360.0,1.32,3.0,0.0
peak_retimed,3,n_queue,360.0,420.0,0.7,4.0,0.0
peak_retimed,3,s_queue,360.0,420.0,0.47,2.0,0.0
peak_retimed,3,e_queue,360.0,420.0,1.83,4.0,0.0
peak_retimed,3,w_queue,360.0,420.0,1.63,4.0,0.0
peak_retimed,3,n_queue,420.0,480.0,0.43,3.0,0.0
peak_retimed,3,s_queue,420.0,480.0,0.22,2.0,0.0
peak_retimed,3,e_queue,420.0,480.0,2.02,4.0,0.0
peak_retimed,3,w_queue,420.0,480.0,1.35,3.0,0.0
peak_retimed,3,n_queue,480.0,540.0,0.58,3.0,0.0
peak_retimed,3,s_queue,480.0,540.0,0.37,2.0,0.0
peak_retimed,3,e_queue,480.0,540.0,2.02,4.0,0.0
peak_retimed,3,w_queue,480.0,540.0,1.53,3.0,0.0
peak_retimed,3,n_queue,540.0,600.0,0.83,3.0,0.0
peak_retimed,3,s_queue,540.0,600.0,0.52,2.0,0.0
peak_retimed,3,e_queue,540.0,600.0,1.4,3.0,0.0
peak_retimed,3,w_queue,540.0,600.0,1.37,3.0,0.0
peak_retimed,3,n_queue,600.0,660.0,1.37,5.0,0.0
peak_retimed,3,s_queue,600.0,660.0,0.4,2.0,0.0
peak_retimed,3,e_queue,600.0,660.0,1.32,4.0,0.0
peak_retimed,3,w_queue,600.0,660.0,1.23,4.0,0.0
peak_retimed,3,n_queue,660.0,720.0,1.07,4.0,0.0
peak_retimed,3,s_queue,660.0,720.0,0.55,2.0,0.0
peak_retimed,3,e_queue,660.0,720.0,1.5,3.0,0.0
peak_retimed,3,w_queue,660.0,720.0,1.35,3.0,0.0
peak_retimed,3,n_queue,720.0,780.0,1.28,5.0,0.0
peak_retimed,3,s_queue,720.0,780.0,0.23,1.0,0.0
peak_retimed,3,e_queue,720.0,780.0,1.8,4.0,0.0
peak_retimed,3,w_queue,720.0,780.0,1.3,4.0,0.0
peak_retimed,3,n_queue,780.0,840.0,0.8,4.0,0.0
peak_retimed,3,s_queue,780.0,840.0,0.33,2.0,0.0
peak_retimed,3,e_queue,780.0,840.0,1.85,4.0,0.0
peak_retimed,3,w_queue,780.0,840.0,1.32,3.0,0.0
peak_retimed,3,n_queue,840.0,900.0,0.52,3.0,0.0
peak_retimed,3,s_queue,840.0,900.0,0.1,2.0,0.0
peak_retimed,3,e_queue,840.0,900.0,1.63,4.0,0.0
peak_retimed,3,w_queue,840.0,900.0,1.7,3.0,0.0
peak_retimed,3,n_queue,900.0,960.0,0.83,4.0,0.0
peak_retimed,3,s_queue,900.0,960.0,0.42,2.0,0.0
peak_retimed,3,e_queue,900.0,960.0,1.9,4.0,0.0
peak_retimed,3,w_queue,900.0,960.0,1.37,3.0,0.0
peak_retimed,3,n_queue,960.0,1020.0,1.12,4.0,0.0
peak_retimed,3,s_queue,960.0,1020.0,0.55,2.0,0.0
peak_retimed,3,e_queue,960.0,1020.0,1.45,4.0,0.0
peak_retimed,3,w_queue,960.0,1020.0,1.6,4.0,0.0
peak_retimed,3,n_queue,1020.0,1080.0,1.38,5.0,0.0
peak_retimed,3,s_queue,1020.0,1080.0,0.63,2.0,0.0
peak_retimed,3,e_queue,1020.0,1080.0,1.62,4.0,0.0
peak_retimed,3,w_queue,1020.0,1080.0,1.65,4.0,0.0
peak_retimed,3,n_queue,1080.0,1140.0,1.08,4.0,0.0
peak_retimed,3,s_queue,1080.0,1140.0,0.65,3.0,0.0
peak_retimed,3,e_queue,1080.0,1140.0,1.88,5.0,0.0
peak_retimed,3,w_queue,1080.0,1140.0,1.7,4.0,0.0
peak_retimed,3,n_queue,1140.0,1200.0,1.33,4.0,0.0
peak_retimed,3,s_queue,1140.0,1200.0,0.92,3.0,0.0
peak_retimed,3,e_queue,1140.0,1200.0,1.88,4.0,0.0
peak_retimed,3,w_queue,1140.0,1200.0,1.68,4.0,0.0
peak_retimed,3,n_queue,1200.0,1260.0,0.95,4.0,0.0
peak_retimed,3,s_queue,1200.0,1260.0,0.52,3.0,0.0
peak_retimed,3,e_queue,1200.0,1260.0,2.3,5.0,0.0
peak_retimed,3,w_queue,1200.0,1260.0,1.68,4.0,0.0
peak_retimed,3,n_queue,1260.0,1320.0,0.52,4.0,0.0
peak_retimed,3,s_queue,1260.0,1320.0,0.45,2.0,0.0
peak_retimed,3,e_queue,1260.0,1320.0,2.6,5.0,0.0
peak_retimed,3,w_queue,1260.0,1320.0,2.3,4.0,0.0
peak_retimed,3,n_queue,1320.0,1380.0,0.72,4.0,0.0
peak_retimed,3,s_queue,1320.0,1380.0,0.57,3.0,0.0
peak_retimed,3,e_queue,1320.0,1380.0,1.9,4.0,0.0
peak_retimed,3,w_queue,1320.0,1380.0,1.8,4.0,0.0
peak_retimed,3,n_queue,1380.0,1440.0,0.82,3.0,0.0
peak_retimed,3,s_queue,1380.0,1440.0,0.67,3.0,0.0
peak_retimed,3,e_queue,1380.0,1440.0,1.48,4.0,0.0
peak_retimed,3,w_queue,1380.0,1440.0,1.3,3.0,0.0
peak_retimed,3,n_queue,1440.0,1500.0,1.33,5.0,0.0
peak_retimed,3,s_queue,1440.0,1500.0,0.72,3.0,0.0
peak_retimed,3,e_queue,1440.0,1500.0,1.8,4.0,0.0
peak_retimed,3,w_queue,1440.0,1500.0,1.35,4.0,0.0
peak_retimed,3,n_queue,1500.0,1560.0,1.1,4.0,0.0
peak_retimed,3,s_queue,1500.0,1560.0,0.65,2.0,0.0
peak_retimed,3,e_queue,1500.0,1560.0,1.95,5.0,0.0
peak_retimed,3,w_queue,1500.0,1560.0,1.63,4.0,0.0
peak_retimed,3,n_queue,1560.0,1620.0,1.23,4.0,0.0
peak_retimed,3,s_queue,1560.0,1620.0,0.7,3.0,0.0
peak_retimed,3,e_queue,1560.0,1620.0,1.98,4.0,0.0
peak_retimed,3,w_queue,1560.0,1620.0,1.5,4.0,0.0
peak_retimed,3,n_queue,1620.0,1680.0,0.73,3.0,0.0
peak_retimed,3,s_queue,1620.0,1680.0,0.48,2.0,0.0
peak_retimed,3,e_queue,1620.0,1680.0,2.28,4.0,0.0
peak_retimed,3,w_queue,1620.0,1680.0,1.6,4.0,0.0
peak_retimed,3,n_queue,1680.0,1740.0,0.43,2.0,0.0
peak_retimed,3,s_queue,1680.0,1740.0,0.13,1.0,0.0
peak_retimed,3,e_queue,1680.0,1740.0,1.95,4.0,0.0
peak_retimed,3,w_queue,1680.0,1740.0,2.12,4.0,0.0
peak_retimed,3,n_queue,1740.0,1800.0,0.9,4.0,0.0
peak_retimed,3,s_queue,1740.0,1800.0,0.35,2.0,0.0
peak_retimed,3,e_queue,1740.0,1800.0,1.92,4.0,0.0
peak_retimed,3,w_queue,1740.0,1800.0,2.0,4.0,0.0
peak_retimed,3,n_queue,1800.0,1860.0,1.12,5.0,0.0
peak_retimed,3,s_queue,1800.0,1860.0,0.38,2.0,0.0
peak_retimed,3,e_queue,1800.0,1860.0,1.28,4.0,0.0
peak_retimed,3,w_queue,1800.0,1860.0,1.32,4.0,0.0
peak_retimed,3,n_queue,1860.0,1920.0,1.68,6.0,0.0
peak_retimed,3,s_queue,1860.0,1920.0,0.8,3.0,0.0
peak_retimed,3,e_queue,1860.0,1920.0,1.7,5.0,0.0
peak_retimed,3,w_queue,1860.0,1920.0,1.48,4.0,0.0
peak_retimed,3,n_queue,1920.0,1980.0,1.3,5.0,0.0
peak_retimed,3,s_queue,1920.0,1980.0,0.6,3.0,0.0
peak_retimed,3,e_queue,1920.0,1980.0,2.17,5.0,0.0
peak_retimed,3,w_queue,1920.0,1980.0,1.8,5.0,0.0
peak_retimed,3,n_queue,1980.0,2040.0,1.2,5.0,0.0
peak_retimed,3,s_queue,1980.0,2040.0,0.57,2.0,0.0
peak_retimed,3,e_queue,1980.0,2040.0,2.37,6.0,0.0
peak_retimed,3,w_queue,1980.0,2040.0,1.95,5.0,0.0
peak_retimed,3,n_queue,2040.0,2100.0,1.1,5.0,0.0
peak_retimed,3,s_queue,2040.0,2100.0,0.67,3.0,0.0
peak_retimed,3,e_queue,2040.0,2100.0,2.13,5.0,0.0
peak_retimed,3,w_queue,2040.0,2100.0,2.17,5.0,0.0
peak_retimed,3,n_queue,2100.0,2160.0,0.87,4.0,0.0
peak_retimed,3,s_queue,2100.0,2160.0,0.2,2.0,0.0
peak_retimed,3,e_queue,2100.0,2160.0,2.5,5.0,0.0
peak_retimed,3,w_queue,2100.0,2160.0,1.95,4.0,0.0
peak_retimed,3,n_queue,2160.0,2220.0,1.28,6.0,0.0
peak_retimed,3,s_queue,2160.0,2220.0,0.43,2.0,0.0
peak_retimed,3,e_queue,2160.0,2220.0,2.42,5.0,0.0
peak_retimed,3,w_queue,2160.0,2220.0,1.92,5.0,0.0
peak_retimed,3,n_queue,2220.0,2280.0,1.22,4.0,0.0
peak_retimed,3,s_queue,2220.0,2280.0,0.72,3.0,0.0
peak_retimed,3,e_queue,2220.0,2280.0,2.07,4.0,0.0
peak_retimed,3,w_queue,2220.0,2280.0,1.48,4.0,0.0
peak_retimed,3,n_queue,2280.0,2340.0,1.87,6.0,0.0
peak_retimed,3,s_queue,2280.0,2340.0,0.6,2.0,0.0
peak_retimed,3,e_queue,2280.0,2340.0,1.95,5.0,0.0
peak_retimed,3,w_queue,2280.0,2340.0,1.63,4.0,0.0
peak_retimed,3,n_queue,2340.0,2400.0,1.48,5.0,0.0
peak_retimed,3,s_queue,2340.0,2400.0,0.78,3.0,0.0
peak_retimed,3,e_queue,2340.0,2400.0,2.03,5.0,0.0
peak_retimed,3,w_queue,2340.0,2400.0,1.65,5.0,0.0
peak_retimed,3,n_queue,2400.0,2460.0,1.53,5.0,0.0
peak_retimed,3,s_queue,2400.0,2460.0,0.67,3.0,0.0
peak_retimed,3,e_queue,2400.0,2460.0,1.98,5.0,0.0
peak_retimed,3,w_queue,2400.0,2460.0,1.98,5.0,0.0
peak_retimed,3,n_queue,2460.0,2520.0,1.13,5.0,0.0
peak_retimed,3,s_queue,2460.0,2520.0,0.55,3.0,0.0
peak_retimed,3,e_queue,2460.0,2520.0,2.15,4.0,0.0
peak_retimed,3,w_queue,2460.0,2520.0,2.25,5.0,0.0
peak_retimed,3,n_queue,2520.0,2580.0,0.58,4.0,0.0
peak_retimed,3,s_queue,2520.0,2580.0,0.32,2.0,0.0
peak_retimed,3,e_queue,2520.0,2580.0,1.77,4.0,0.0
peak_retimed,3,w_queue,2520.0,2580.0,2.42,5.0,0.0
peak_retimed,3,n_queue,2580.0,2640.0,0.68,4.0,0.0
peak_retimed,3,s_queue,2580.0,2640.0,0.43,3.0,0.0
peak_retimed,3,e_queue,2580.0,2640.0,2.4,5.0,0.0
peak_retimed,3,w_queue,2580.0,2640.0,2.08,5.0,0.0
peak_retimed,3,n_queue,2640.0,2700.0,1.22,4.0,0.0
peak_retimed,3,s_queue,2640.0,2700.0,0.65,3.0,0.0
peak_retimed,3,e_queue,2640.0,2700.0,1.53,4.0,0.0
peak_retimed,3,w_queue,2640.0,2700.0,1.72,4.0,0.0
peak_retimed,3,n_queue,2700.0,2760.0,1.37,5.0,0.0
peak_retimed,3,s_queue,2700.0,2760.0,0.78,3.0,0.0
peak_retimed,3,e_queue,2700.0,2760.0,1.63,5.0,0.0
peak_retimed,3,w_queue,2700.0,2760.0,1.87,5.0,0.0
peak_retimed,3,n_queue,2760.0,2820.0,1.52,6.0,0.0
peak_retimed,3,s_queue,2760.0,2820.0,0.87,3.0,0.0
peak_retimed,3,e_queue,2760.0,2820.0,1.97,5.0,0.0
peak_retimed,3,w_queue,2760.0,2820.0,1.92,5.0,0.0
peak_retimed,3,n_queue,2820.0,2880.0,1.45,5.0,0.0
peak_retimed,3,s_queue,2820.0,2880.0,0.68,2.0,0.0
peak_retimed,3,e_queue,2820.0,2880.0,2.07,5.0,0.0
peak_retimed,3,w_queue,2820.0,2880.0,1.93,4.0,0.0
peak_retimed,3,n_queue,2880.0,2940.0,1.02,4.0,0.0
peak_retimed,3,s_queue,2880.0,2940.0,0.88,3.0,0.0
peak_retimed,3,e_queue,2880.0,2940.0,2.25,5.0,0.0
peak_retimed,3,w_queue,2880.0,2940.0,1.97,4.0,0.0
peak_retimed,3,n_queue,2940.0,3000.0,0.58,4.0,0.0
peak_retimed,3,s_queue,2940.0,3000.0,0.28,2.0,0.0
peak_retimed,3,e_queue,2940.0,3000.0,2.35,5.0,0.0
peak_retimed,3,w_queue,2940.0,3000.0,1.92,4.0,0.0
peak_retimed,3,n_queue,3000.0,3060.0,0.68,3.0,0.0
peak_retimed,3,s_queue,3000.0,3060.0,0.43,3.0,0.0
peak_retimed,3,e_queue,3000.0,3060.0,2.25,5.0,0.0
peak_retimed,3,w_queue,3000.0,3060.0,1.85,4.0,0.0
peak_retimed,3,n_queue,3060.0,3120.0,1.1,4.0,0.0
peak_retimed,3,s_queue,3060.0,3120.0,0.47,3.0,0.0
peak_retimed,3,e_queue,3060.0,3120.0,1.67,4.0,0.0
peak_retimed,3,w_queue,3060.0,3120.0,1.18,3.0,0.0
peak_retimed,3,n_queue,3120.0,3180.0,1.03,4.0,0.0
peak_retimed,3,s_queue,3120.0,3180.0,0.7,3.0,0.0
peak_retimed,3,e_queue,3120.0,3180.0,1.57,5.0,0.0
peak_retimed,3,w_queue,3120.0,3180.0,1.35,3.0,0.0
peak_retimed,3,n_queue,3180.0,3240.0,1.03,4.0,0.0
peak_retimed,3,s_queue,3180.0,3240.0,0.9,3.0,0.0
peak_retimed,3,e_queue,3180.0,3240.0,1.92,5.0,0.0
peak_retimed,3,w_queue,3180.0,3240.0,1.82,4.0,0.0
peak_retimed,3,n_queue,3240.0,3300.0,1.08,4.0,0.0
peak_retimed,3,s_queue,3240.0,3300.0,0.48,2.0,0.0
peak_retimed,3,e_queue,3240.0,3300.0,1.78,4.0,0.0
peak_retimed,3,w_queue,3240.0,3300.0,1.83,4.0,0.0
peak_retimed,3,n_queue,3300.0,3360.0,1.23,5.0,0.0
peak_retimed,3,s_queue,3300.0,3360.0,0.62,3.0,0.0
peak_retimed,3,e_queue,3300.0,3360.0,2.05,5.0,0.0
peak_retimed,3,w_queue,3300.0,3360.0,1.92,4.0,0.0
peak_retimed,3,n_queue,3360.0,3420.0,0.48,4.0,0.0
peak_retimed,3,s_queue,3360.0,3420.0,0.33,2.0,0.0
peak_retimed,3,e_queue,3360.0,3420.0,2.72,5.0,0.0
peak_retimed,3,w_queue,3360.0,3420.0,2.28,5.0,0.0
peak_retimed,3,n_queue,3420.0,3480.0,0.95,5.0,0.0
peak_retimed,3,s_queue,3420.0,3480.0,0.42,2.0,0.0
peak_retimed,3,e_queue,3420.0,3480.0,2.22,5.0,0.0
peak_retimed,3,w_queue,3420.0,3480.0,1.8,4.0,0.0
peak_retimed,3,n_queue,3480.0,3540.0,1.37,5.0,0.0
peak_retimed,3,s_queue,3480.0,3540.0,0.68,3.0,0.0
peak_retimed,3,e_queue,3480.0,3540.0,1.47,4.0,0.0
peak_retimed,3,w_queue,3480.0,3540.0,1.48,4.0,0.0
peak_retimed,3,n_queue,3540.0,3600.0,1.22,5.0,0.0
peak_retimed,3,s_queue,3540.0,3600.0,0.77,3.0,0.0
peak_retimed,3,e_queue,3540.0,3600.0,1.9,4.0,0.0
peak_retimed,3,w_queue,3540.0,3600.0,1.62,5.0,0.0
peak_retimed,3,n_queue,3600.0,3660.0,0.92,4.0,0.0
peak_retimed,3,s_queue,3600.0,3660.0,0.7,3.0,0.0
peak_retimed,3,e_queue,3600.0,3660.0,1.53,5.0,0.0
peak_retimed,3,w_queue,3600.0,3660.0,1.27,4.0,0.0
peak_retimed,3,n_queue,3660.0,3720.0,0.0,0.0,0.0
peak_retimed,3,s_queue,3660.0,3720.0,0.0,0.0,0.0
peak_retimed,3,e_queue,3660.0,3720.0,0.0,0.0,0.0
peak_retimed,3,w_queue,3660.0,3720.0,0.0,0.0,0.0
peak_retimed,3,n_queue,3720.0,3780.0,0.0,0.0,0.0
peak_retimed,3,s_queue,3720.0,3780.0,0.0,0.0,0.0
peak_retimed,3,e_queue,3720.0,3780.0,0.0,0.0,0.0
peak_retimed,3,w_queue,3720.0,3780.0,0.0,0.0,0.0
peak_retimed,3,n_queue,3780.0,3840.0,0.0,0.0,0.0
peak_retimed,3,s_queue,3780.0,3840.0,0.0,0.0,0.0
peak_retimed,3,e_queue,3780.0,3840.0,0.0,0.0,0.0
peak_retimed,3,w_queue,3780.0,3840.0,0.0,0.0,0.0
peak_retimed,3,n_queue,3840.0,3900.0,0.0,0.0,0.0
peak_retimed,3,s_queue,3840.0,3900.0,0.0,0.0,0.0
peak_retimed,3,e_queue,3840.0,3900.0,0.0,0.0,0.0
peak_retimed,3,w_queue,3840.0,3900.0,0.0,0.0,0.0
peak_retimed,3,n_queue,3900.0,3960.0,0.0,0.0,0.0
peak_retimed,3,s_queue,3900.0,3960.0,0.0,0.0,0.0
peak_retimed,3,e_queue,3900.0,3960.0,0.0,0.0,0.0
peak_retimed,3,w_queue,3900.0,3960.0,0.0,0.0,0.0
peak_retimed,3,n_queue,3960.0,4020.0,0.0,0.0,0.0
peak_retimed,3,s_queue,3960.0,4020.0,0.0,0.0,0.0
peak_retimed,3,e_queue,3960.0,4020.0,0.0,0.0,0.0
peak_retimed,3,w_queue,3960.0,4020.0,0.0,0.0,0.0
peak_retimed,3,n_queue,4020.0,4080.0,0.0,0.0,0.0
peak_retimed,3,s_queue,4020.0,4080.0,0.0,0.0,0.0
peak_retimed,3,e_queue,4020.0,4080.0,0.0,0.0,0.0
peak_retimed,3,w_queue,4020.0,4080.0,0.0,0.0,0.0
peak_retimed,3,n_queue,4080.0,4140.0,0.0,0.0,0.0
peak_retimed,3,s_queue,4080.0,4140.0,0.0,0.0,0.0
peak_retimed,3,e_queue,4080.0,4140.0,0.0,0.0,0.0
peak_retimed,3,w_queue,4080.0,4140.0,0.0,0.0,0.0
peak_retimed,3,n_queue,4140.0,4200.0,0.0,0.0,0.0
peak_retimed,3,s_queue,4140.0,4200.0,0.0,0.0,0.0
peak_retimed,3,e_queue,4140.0,4200.0,0.0,0.0,0.0
peak_retimed,3,w_queue,4140.0,4200.0,0.0,0.0,0.0
peak_retimed,3,n_queue,4200.0,4260.0,0.0,0.0,0.0
peak_retimed,3,s_queue,4200.0,4260.0,0.0,0.0,0.0
peak_retimed,3,e_queue,4200.0,4260.0,0.0,0.0,0.0
peak_retimed,3,w_queue,4200.0,4260.0,0.0,0.0,0.0
peak_retimed,3,n_queue,4260.0,4320.0,0.0,0.0,0.0
peak_retimed,3,s_queue,4260.0,4320.0,0.0,0.0,0.0
peak_retimed,3,e_queue,4260.0,4320.0,0.0,0.0,0.0
peak_retimed,3,w_queue,4260.0,4320.0,0.0,0.0,0.0
peak_retimed,3,n_queue,4320.0,4380.0,0.0,0.0,0.0
peak_retimed,3,s_queue,4320.0,4380.0,0.0,0.0,0.0
peak_retimed,3,e_queue,4320.0,4380.0,0.0,0.0,0.0
peak_retimed,3,w_queue,4320.0,4380.0,0.0,0.0,0.0
peak_retimed,3,n_queue,4380.0,4440.0,0.0,0.0,0.0
peak_retimed,3,s_queue,4380.0,4440.0,0.0,0.0,0.0
peak_retimed,3,e_queue,4380.0,4440.0,0.0,0.0,0.0
peak_retimed,3,w_queue,4380.0,4440.0,0.0,0.0,0.0
peak_retimed,3,n_queue,4440.0,4500.0,0.0,0.0,0.0
peak_retimed,3,s_queue,4440.0,4500.0,0.0,0.0,0.0
peak_retimed,3,e_queue,4440.0,4500.0,0.0,0.0,0.0
peak_retimed,3,w_queue,4440.0,4500.0,0.0,0.0,0.0
peak_retimed,4,n_queue,0.0,60.0,0.17,2.0,0.0
peak_retimed,4,s_queue,0.0,60.0,0.15,1.0,0.0
peak_retimed,4,e_queue,0.0,60.0,0.13,1.0,0.0
peak_retimed,4,w_queue,0.0,60.0,0.1,1.0,0.0
peak_retimed,4,n_queue,60.0,120.0,0.7,4.0,0.0
peak_retimed,4,s_queue,60.0,120.0,0.28,2.0,0.0
peak_retimed,4,e_queue,60.0,120.0,1.68,4.0,0.0
peak_retimed,4,w_queue,60.0,120.0,1.45,3.0,0.0
peak_retimed,4,n_queue,120.0,180.0,0.9,4.0,0.0
peak_retimed,4,s_queue,120.0,180.0,0.43,2.0,0.0
peak_retimed,4,e_queue,120.0,180.0,1.45,3.0,0.0
peak_retimed,4,w_queue,120.0,180.0,1.18,3.0,0.0
peak_retimed,4,n_queue,180.0,240.0,1.03,4.0,0.0
peak_retimed,4,s_queue,180.0,240.0,0.47,2.0,0.0
peak_retimed,4,e_queue,180.0,240.0,1.23,3.0,0.0
peak_retimed,4,w_queue,180.0,240.0,1.57,3.0,0.0
peak_retimed,4,n_queue,240.0,300.0,0.85,3.0,0.0
peak_retimed,4,s_queue,240.0,300.0,0.35,2.0,0.0
peak_retimed,4,e_queue,240.0,300.0,1.47,4.0,0.0
peak_retimed,4,w_queue,240.0,300.0,1.45,4.0,0.0
peak_retimed,4,n_queue,300.0,360.0,0.75,4.0,0.0
peak_retimed,4,s_queue,300.0,360.0,0.57,2.0,0.0
peak_retimed,4,e_queue,300.0,360.0,1.57,4.0,0.0
peak_retimed,4,w_queue,300.0,360.0,1.33,3.0,0.0
peak_retimed,4,n_queue,360.0,420.0,1.12,5.0,0.0
peak_retimed,4,s_queue,360.0,420.0,0.47,2.0,0.0
peak_retimed,4,e_queue,360.0,420.0,1.78,4.0,0.0
peak_retimed,4,w_queue,360.0,420.0,1.52,3.0,0.0
peak_retimed,4,n_queue,420.0,480.0,0.58,4.0,0.0
peak_retimed,4,s_queue,420.0,480.0,0.28,2.0,0.0
peak_retimed,4,e_queue,420.0,480.0,2.07,4.0,0.0
peak_retimed,4,w_queue,420.0,480.0,1.5,3.0,0.0
peak_retimed,4,n_queue,480.0,540.0,0.47,3.0,0.0
peak_retimed,4,s_queue,480.0,540.0,0.45,2.0,0.0
peak_retimed,4,e_queue,480.0,540.0,1.8,4.0,0.0
peak_retimed,4,w_queue,480.0,540.0,1.67,4.0,0.0
peak_retimed,4,n_queue,540.0,600.0,0.95,4.0,0.0
peak_retimed,4,s_queue,540.0,600.0,0.62,2.0,0.0
peak_retimed,4,e_queue,540.0,600.0,1.37,3.0,0.0
peak_retimed,4,w_queue,540.0,600.0,1.28,3.0,0.0
peak_retimed,4,n_queue,600.0,660.0,0.82,3.0,0.0
peak_retimed,4,s_queue,600.0,660.0,0.43,2.0,0.0
peak_retimed,4,e_queue,600.0,660.0,1.28,4.0,0.0
peak_retimed,4,w_queue,600.0,660.0,1.2,4.0,0.0
peak_retimed,4,n_queue,660.0,720.0,1.08,4.0,0.0
peak_retimed,4,s_queue,660.0,720.0,0.55,2.0,0.0
peak_retimed,4,e_queue,660.0,720.0,1.52,4.0,0.0
peak_retimed,4,w_queue,660.0,720.0,1.28,3.0,0.0
peak_retimed,4,n_queue,720.0,780.0,0.95,4.0,0.0
peak_retimed,4,s_queue,720.0,780.0,0.7,2.0,0.0
peak_retimed,4,e_queue,720.0,780.0,1.8,4.0,0.0
peak_retimed,4,w_queue,720.0,780.0,1.25,3.0,0.0
peak_retimed,4,n_queue,780.0,840.0,0.97,4.0,0.0
peak_retimed,4,s_queue,780.0,840.0,0.47,2.0,0.0
peak_retimed,4,e_queue,780.0,840.0,1.87,4.0,0.0
peak_retimed,4,w_queue,780.0,840.0,1.37,3.0,0.0
peak_retimed,4,n_queue,840.0,900.0,0.58,3.0,0.0
peak_retimed,4,s_queue,840.0,900.0,0.23,2.0,0.0
peak_retimed,4,e_queue,840.0,900.0,2.17,4.0,0.0
peak_retimed,4,w_queue,840.0,900.0,1.62,3.0,0.0
peak_retimed,4,n_queue,900.0,960.0,0.72,4.0,0.0
peak_retimed,4,s_queue,900.0,960.0,0.38,2.0,0.0
peak_retimed,4,e_queue,900.0,960.0,1.73,4.0,0.0
peak_retimed,4,w_queue,900.0,960.0,1.85,4.0,0.0
peak_retimed,4,n_queue,960.0,1020.0,1.4,5.0,0.0
peak_retimed,4,s_queue,960.0,1020.0,0.57,2.0,0.0
peak_retimed,4,e_queue,960.0,1020.0,1.52,4.0,0.0
peak_retimed,4,w_queue,960.0,1020.0,1.1,3.0,0.0
peak_retimed,4,n_queue,1020.0,1080.0,1.38,5.0,0.0
peak_retimed,4,s_queue,1020.0,1080.0,0.78,3.0,0.0
peak_retimed,4,e_queue,1020.0,1080.0,1.88,5.0,0.0
peak_retimed,4,w_queue,1020.0,1080.0,1.57,4.0,0.0
peak_retimed,4,n_queue,1080.0,1140.0,1.25,5.0,0.0
peak_retimed,4,s_queue,1080.0,1140.0,0.38,2.0,0.0
peak_retimed,4,e_queue,1080.0,1140.0,2.18,5.0,0.0
peak_retimed,4,w_queue,1080.0,1140.0,1.82,4.0,0.0
peak_retimed,4,n_queue,1140.0,1200.0,1.42,5.0,0.0
peak_retimed,4,s_queue,1140.0,1200.0,0.57,2.0,0.0
peak_retimed,4,e_queue,1140.0,1200.0,2.15,5.0,0.0
peak_retimed,4,w_queue,1140.0,1200.0,1.68,4.0,0.0
peak_retimed,4,n_queue,1200.0,1260.0,0.92,4.0,0.0
peak_retimed,4,s_queue,1200.0,1260.0,0.55,3.0,0.0
peak_retimed,4,e_queue,1200.0,1260.0,1.95,4.0,0.0
peak_retimed,4,w_queue,1200.0,1260.0,1.8,4.0,0.0
peak_retimed,4,n_queue,1260.0,1320.0,0.48,3.0,0.0
peak_retimed,4,s_queue,1260.0,1320.0,0.35,2.0,0.0
peak_retimed,4,e_queue,1260.0,1320.0,2.08,4.0,0.0
peak_retimed,4,w_queue,1260.0,1320.0,1.9,4.0,0.0
peak_retimed,4,n_queue,1320.0,1380.0,0.73,4.0,0.0
peak_retimed,4,s_queue,1320.0,1380.0,0.4,2.0,0.0
peak_retimed,4,e_queue,1320.0,1380.0,1.93,4.0,0.0
peak_retimed,4,w_queue,1320.0,1380.0,1.77,4.0,0.0
peak_retimed,4,n_queue,1380.0,1440.0,0.98,4.0,0.0
peak_retimed,4,s_queue,1380.0,1440.0,0.57,2.0,0.0
peak_retimed,4,e_queue,1380.0,1440.0,1.37,4.0,0.0
peak_retimed,4,w_queue,1380.0,1440.0,1.35,3.0,0.0
peak_retimed,4,n_queue,1440.0,1500.0,1.43,5.0,0.0
peak_retimed,4,s_queue,1440.0,1500.0,0.73,3.0,0.0
peak_retimed,4,e_queue,1440.0,1500.0,1.57,4.0,0.0
peak_retimed,4,w_queue,1440.0,1500.0,1.58,4.0,0.0
peak_retimed,4,n_queue,1500.0,1560.0,0.9,3.0,0.0
peak_retimed,4,s_queue,1500.0,1560.0,0.45,2.0,0.0
peak_retimed,4,e_queue,1500.0,1560.0,1.85,4.0,0.0
peak_retimed,4,w_queue,1500.0,1560.0,1.83,4.0,0.0
peak_retimed,4,n_queue,1560.0,1620.0,1.17,5.0,0.0
peak_retimed,4,s_queue,1560.0,1620.0,0.43,2.0,0.0
peak_retimed,4,e_queue,1560.0,1620.0,2.08,5.0,0.0
peak_retimed,4,w_queue,1560.0,1620.0,1.9,4.0,0.0
peak_retimed,4,n_queue,1620.0,1680.0,0.82,4.0,0.0
peak_retimed,4,s_queue,1620.0,1680.0,0.47,2.0,0.0
peak_retimed,4,e_queue,1620.0,1680.0,1.93,4.0,0.0
peak_retimed,4,w_queue,1620.0,1680.0,1.63,4.0,0.0
peak_retimed,4,n_queue,1680.0,1740.0,0.47,3.0,0.0
peak_retimed,4,s_queue,1680.0,1740.0,0.13,1.0,0.0
peak_retimed,4,e_queue,1680.0,1740.0,2.1,4.0,0.0
peak_retimed,4,w_queue,1680.0,1740.0,1.95,4.0,0.0
peak_retimed,4,n_queue,1740.0,1800.0,0.6,3.0,0.0
peak_retimed,4,s_queue,1740.0,1800.0,0.27,2.0,0.0
peak_retimed,4,e_queue,1740.0,1800.0,2.33,5.0,0.0
peak_retimed,4,w_queue,1740.0,1800.0,2.05,4.0,0.0
peak_retimed,4,n_queue,1800.0,1860.0,1.48,5.0,0.0
peak_retimed,4,s_queue,1800.0,1860.0,0.45,2.0,0.0
peak_retimed,4,e_queue,1800.0,1860.0,1.35,3.0,0.0
peak_retimed,4,w_queue,1800.0,1860.0,1.4,4.0,0.0
peak_retimed,4,n_queue,1860.0,1920.0,1.9,6.0,0.0
peak_retimed,4,s_queue,1860.0,1920.0,0.82,3.0,0.0
peak_retimed,4,e_queue,1860.0,1920.0,1.68,4.0,0.0
peak_retimed,4,w_queue,1860.0,1920.0,1.73,4.0,0.0
peak_retimed,4,n_queue,1920.0,1980.0,1.37,5.0,0.0
peak_retimed,4,s_queue,1920.0,1980.0,0.6,3.0,0.0
peak_retimed,4,e_queue,1920.0,1980.0,1.88,5.0,0.0
peak_retimed,4,w_queue,1920.0,1980.0,2.07,5.0,0.0
peak_retimed,4,n_queue,1980.0,2040.0,0.97,5.0,0.0
peak_retimed,4,s_queue,1980.0,2040.0,0.65,3.0,0.0
peak_retimed,4,e_queue,1980.0,2040.0,2.08,4.0,0.0
peak_retimed,4,w_queue,1980.0,2040.0,2.0,4.0,0.0
peak_retimed,4,n_queue,2040.0,2100.0,1.18,5.0,0.0
peak_retimed,4,s_queue,2040.0,2100.0,0.55,2.0,0.0
peak_retimed,4,e_queue,2040.0,2100.0,2.52,5.0,0.0
peak_retimed,4,w_queue,2040.0,2100.0,2.22,5.0,0.0
peak_retimed,4,n_queue,2100.0,2160.0,0.73,5.0,0.0
peak_retimed,4,s_queue,2100.0,2160.0,0.12,1.0,0.0
peak_retimed,4,e_queue,2100.0,2160.0,2.48,5.0,0.0
peak_retimed,4,w_queue,2100.0,2160.0,2.45,5.0,0.0
peak_retimed,4,n_queue,2160.0,2220.0,0.97,4.0,0.0
peak_retimed,4,s_queue,2160.0,2220.0,0.43,2.0,0.0
peak_retimed,4,e_queue,2160.0,2220.0,2.12,5.0,0.0
peak_retimed,4,w_queue,2160.0,2220.0,1.87,4.0,0.0
peak_retimed,4,n_queue,2220.0,2280.0,1.25,5.0,0.0
peak_retimed,4,s_queue,2220.0,2280.0,0.92,3.0,0.0
peak_retimed,4,e_queue,2220.0,2280.0,1.98,4.0,0.0
peak_retimed,4,w_queue,2220.0,2280.0,1.58,4.0,0.0
peak_retimed,4,n_queue,2280.0,2340.0,1.3,5.0,0.0
peak_retimed,4,s_queue,2280.0,2340.0,0.8,3.0,0.0
peak_retimed,4,e_queue,2280.0,2340.0,1.75,5.0,0.0
peak_retimed,4,w_queue,2280.0,2340.0,1.7,5.0,0.0
peak_retimed,4,n_queue,2340.0,2400.0,1.23,5.0,0.0
peak_retimed,4,s_queue,2340.0,2400.0,0.83,3.0,0.0
peak_retimed,4,e_queue,2340.0,2400.0,1.92,5.0,0.0
peak_retimed,4,w_queue,2340.0,2400.0,1.7,4.0,0.0
peak_retimed,4,n_queue,2400.0,2460.0,1.52,6.0,0.0
peak_retimed,4,s_queue,2400.0,2460.0,0.73,3.0,0.0
peak_retimed,4,e_queue,2400.0,2460.0,2.05,5.0,0.0
peak_retimed,4,w_queue,2400.0,2460.0,1.95,5.0,0.0
peak_retimed,4,n_queue,2460.0,2520.0,0.82,4.0,0.0
peak_retimed,4,s_queue,2460.0,2520.0,0.6,3.0,0.0
peak_retimed,4,e_queue,2460.0,2520.0,2.12,5.0,0.0
peak_retimed,4,w_queue,2460.0,2520.0,1.7,4.0,0.0
peak_retimed,4,n_queue,2520.0,2580.0,0.57,3.0,0.0
peak_retimed,4,s_queue,2520.0,2580.0,0.3,2.0,0.0
peak_retimed,4,e_queue,2520.0,2580.0,2.2,4.0,0.0
peak_retimed,4,w_queue,2520.0,2580.0,2.37,5.0,0.0
peak_retimed,4,n_queue,2580.0,2640.0,1.08,5.0,0.0
peak_retimed,4,s_queue,2580.0,2640.0,0.35,2.0,0.0
peak_retimed,4,e_queue,2580.0,2640.0,2.35,5.0,0.0
peak_retimed,4,w_queue,2580.0,2640.0,2.57,5.0,0.0
peak_retimed,4,n_queue,2640.0,2700.0,1.15,4.0,0.0
peak_retimed,4,s_queue,2640.0,2700.0,0.68,3.0,0.0
peak_retimed,4,e_queue,2640.0,2700.0,1.68,4.0,0.0
peak_retimed,4,w_queue,2640.0,2700.0,1.3,4.0,0.0
peak_retimed,4,n_queue,2700.0,2760.0,1.4,5.0,0.0
peak_retimed,4,s_queue,2700.0,2760.0,0.73,3.0,0.0
peak_retimed,4,e_queue,2700.0,2760.0,1.93,5.0,0.0
peak_retimed,4,w_queue,2700.0,2760.0,1.67,4.0,0.0
peak_retimed,4,n_queue,2760.0,2820.0,1.02,4.0,0.0
peak_retimed,4,s_queue,2760.0,2820.0,0.93,3.0,0.0
peak_retimed,4,e_queue,2760.0,2820.0,1.95,5.0,0.0
peak_retimed,4,w_queue,2760.0,2820.0,1.78,4.0,0.0
peak_retimed,4,n_queue,2820.0,2880.0,1.45,5.0,0.0
peak_retimed,4,s_queue,2820.0,2880.0,0.73,3.0,0.0
peak_retimed,4,e_queue,2820.0,2880.0,2.07,5.0,0.0
peak_retimed,4,w_queue,2820.0,2880.0,1.85,4.0,0.0
peak_retimed,4,n_queue,2880.0,2940.0,1.0,5.0,0.0
peak_retimed,4,s_queue,2880.0,2940.0,0.47,2.0,0.0
peak_retimed,4,e_queue,2880.0,2940.0,2.23,5.0,0.0
peak_retimed,4,w_queue,2880.0,2940.0,1.95,4.0,0.0
peak_retimed,4,n_queue,2940.0,3000.0,0.53,4.0,0.0
peak_retimed,4,s_queue,2940.0,3000.0,0.32,2.0,0.0
peak_retimed,4,e_queue,2940.0,3000.0,2.05,4.0,0.0
peak_retimed,4,w_queue,2940.0,3000.0,2.28,5.0,0.0
peak_retimed,4,n_queue,3000.0,3060.0,0.87,4.0,0.0
peak_retimed,4,s_queue,3000.0,3060.0,0.57,3.0,0.0
peak_retimed,4,e_queue,3000.0,3060.0,2.28,5.0,0.0
peak_retimed,4,w_queue,3000.0,3060.0,1.78,4.0,0.0
peak_retimed,4,n_queue,3060.0,3120.0,1.32,5.0,0.0
peak_retimed,4,s_queue,3060.0,3120.0,0.78,3.0,0.0
peak_retimed,4,e_queue,3060.0,3120.0,1.95,5.0,0.0
peak_retimed,4,w_queue,3060.0,3120.0,1.27,4.0,0.0
peak_retimed,4,n_queue,3120.0,3180.0,1.1,4.0,0.0
peak_retimed,4,s_queue,3120.0,3180.0,0.92,3.0,0.0
peak_retimed,4,e_queue,3120.0,3180.0,1.9,5.0,0.0
peak_retimed,4,w_queue,3120.0,3180.0,1.6,4.0,0.0
peak_retimed,4,n_queue,3180.0,3240.0,1.62,6.0,0.0
peak_retimed,4,s_queue,3180.0,3240.0,0.83,3.0,0.0
peak_retimed,4,e_queue,3180.0,3240.0,2.03,4.0,0.0
peak_retimed,4,w_queue,3180.0,3240.0,1.77,5.0,0.0
peak_retimed,4,n_queue,3240.0,3300.0,1.67,6.0,0.0
peak_retimed,4,s_queue,3240.0,3300.0,0.43,2.0,0.0
peak_retimed,4,e_queue,3240.0,3300.0,2.32,5.0,0.0
peak_retimed,4,w_queue,3240.0,3300.0,1.7,4.0,0.0
peak_retimed,4,n_queue,3300.0,3360.0,0.93,4.0,0.0
peak_retimed,4,s_queue,3300.0,3360.0,0.45,3.0,0.0
peak_retimed,4,e_queue,3300.0,3360.0,2.08,4.0,0.0
peak_retimed,4,w_queue,3300.0,3360.0,1.77,4.0,0.0
peak_retimed,4,n_queue,3360.0,3420.0,0.53,4.0,0.0
peak_retimed,4,s_queue,3360.0,3420.0,0.25,2.0,0.0
peak_retimed,4,e_queue,3360.0,3420.0,2.35,5.0,0.0
peak_retimed,4,w_queue,3360.0,3420.0,1.72,4.0,0.0
peak_retimed,4,n_queue,3420.0,3480.0,1.1,5.0,0.0
peak_retimed,4,s_queue,3420.0,3480.0,0.6,3.0,0.0
peak_retimed,4,e_queue,3420.0,3480.0,2.45,5.0,0.0
peak_retimed,4,w_queue,3420.0,3480.0,1.82,4.0,0.0
peak_retimed,4,n_queue,3480.0,3540.0,1.27,5.0,0.0
peak_retimed,4,s_queue,3480.0,3540.0,0.67,3.0,0.0
peak_retimed,4,e_queue,3480.0,3540.0,1.48,4.0,0.0
peak_retimed,4,w_queue,3480.0,3540.0,1.53,4.0,0.0
peak_retimed,4,n_queue,3540.0,3600.0,1.15,5.0,0.0
peak_retimed,4,s_queue,3540.0,3600.0,0.68,3.0,0.0
peak_retimed,4,e_queue,3540.0,3600.0,1.73,5.0,0.0
peak_retimed,4,w_queue,3540.0,3600.0,1.7,4.0,0.0
peak_retimed,4,n_queue,3600.0,3660.0,1.58,5.0,0.0
peak_retimed,4,s_queue,3600.0,3660.0,0.57,2.0,0.0
peak_retimed,4,e_queue,3600.0,3660.0,1.33,5.0,0.0
peak_retimed,4,w_queue,3600.0,3660.0,1.35,5.0,0.0
peak_retimed,4,n_queue,3660.0,3720.0,0.0,0.0,0.0
peak_retimed,4,s_queue,3660.0,3720.0,0.0,0.0,0.0
peak_retimed,4,e_queue,3660.0,3720.0,0.0,0.0,0.0
peak_retimed,4,w_queue,3660.0,3720.0,0.0,0.0,0.0
peak_retimed,4,n_queue,3720.0,3780.0,0.0,0.0,0.0
peak_retimed,4,s_queue,3720.0,3780.0,0.0,0.0,0.0
peak_retimed,4,e_queue,3720.0,3780.0,0.0,0.0,0.0
peak_retimed,4,w_queue,3720.0,3780.0,0.0,0.0,0.0
peak_retimed,4,n_queue,3780.0,3840.0,0.0,0.0,0.0
peak_retimed,4,s_queue,3780.0,3840.0,0.0,0.0,0.0
peak_retimed,4,e_queue,3780.0,3840.0,0.0,0.0,0.0
peak_retimed,4,w_queue,3780.0,3840.0,0.0,0.0,0.0
peak_retimed,4,n_queue,3840.0,3900.0,0.0,0.0,0.0
peak_retimed,4,s_queue,3840.0,3900.0,0.0,0.0,0.0
peak_retimed,4,e_queue,3840.0,3900.0,0.0,0.0,0.0
peak_retimed,4,w_queue,3840.0,3900.0,0.0,0.0,0.0
peak_retimed,4,n_queue,3900.0,3960.0,0.0,0.0,0.0
peak_retimed,4,s_queue,3900.0,3960.0,0.0,0.0,0.0
peak_retimed,4,e_queue,3900.0,3960.0,0.0,0.0,0.0
peak_retimed,4,w_queue,3900.0,3960.0,0.0,0.0,0.0
peak_retimed,4,n_queue,3960.0,4020.0,0.0,0.0,0.0
peak_retimed,4,s_queue,3960.0,4020.0,0.0,0.0,0.0
peak_retimed,4,e_queue,3960.0,4020.0,0.0,0.0,0.0
peak_retimed,4,w_queue,3960.0,4020.0,0.0,0.0,0.0
peak_retimed,4,n_queue,4020.0,4080.0,0.0,0.0,0.0
peak_retimed,4,s_queue,4020.0,4080.0,0.0,0.0,0.0
peak_retimed,4,e_queue,4020.0,4080.0,0.0,0.0,0.0
peak_retimed,4,w_queue,4020.0,4080.0,0.0,0.0,0.0
peak_retimed,4,n_queue,4080.0,4140.0,0.0,0.0,0.0
peak_retimed,4,s_queue,4080.0,4140.0,0.0,0.0,0.0
peak_retimed,4,e_queue,4080.0,4140.0,0.0,0.0,0.0
peak_retimed,4,w_queue,4080.0,4140.0,0.0,0.0,0.0
peak_retimed,4,n_queue,4140.0,4200.0,0.0,0.0,0.0
peak_retimed,4,s_queue,4140.0,4200.0,0.0,0.0,0.0
peak_retimed,4,e_queue,4140.0,4200.0,0.0,0.0,0.0
peak_retimed,4,w_queue,4140.0,4200.0,0.0,0.0,0.0
peak_retimed,4,n_queue,4200.0,4260.0,0.0,0.0,0.0
peak_retimed,4,s_queue,4200.0,4260.0,0.0,0.0,0.0
peak_retimed,4,e_queue,4200.0,4260.0,0.0,0.0,0.0
peak_retimed,4,w_queue,4200.0,4260.0,0.0,0.0,0.0
peak_retimed,4,n_queue,4260.0,4320.0,0.0,0.0,0.0
peak_retimed,4,s_queue,4260.0,4320.0,0.0,0.0,0.0
peak_retimed,4,e_queue,4260.0,4320.0,0.0,0.0,0.0
peak_retimed,4,w_queue,4260.0,4320.0,0.0,0.0,0.0
peak_retimed,4,n_queue,4320.0,4380.0,0.0,0.0,0.0
peak_retimed,4,s_queue,4320.0,4380.0,0.0,0.0,0.0
peak_retimed,4,e_queue,4320.0,4380.0,0.0,0.0,0.0
peak_retimed,4,w_queue,4320.0,4380.0,0.0,0.0,0.0
peak_retimed,4,n_queue,4380.0,4440.0,0.0,0.0,0.0
peak_retimed,4,s_queue,4380.0,4440.0,0.0,0.0,0.0
peak_retimed,4,e_queue,4380.0,4440.0,0.0,0.0,0.0
peak_retimed,4,w_queue,4380.0,4440.0,0.0,0.0,0.0
peak_retimed,4,n_queue,4440.0,4500.0,0.0,0.0,0.0
peak_retimed,4,s_queue,4440.0,4500.0,0.0,0.0,0.0
peak_retimed,4,e_queue,4440.0,4500.0,0.0,0.0,0.0
peak_retimed,4,w_queue,4440.0,4500.0,0.0,0.0,0.0
peak_retimed,5,n_queue,0.0,60.0,0.22,2.0,0.0
peak_retimed,5,s_queue,0.0,60.0,0.22,1.0,0.0
peak_retimed,5,e_queue,0.0,60.0,0.13,1.0,0.0
peak_retimed,5,w_queue,0.0,60.0,0.13,1.0,0.0
peak_retimed,5,n_queue,60.0,120.0,0.58,3.0,0.0
peak_retimed,5,s_queue,60.0,120.0,0.43,2.0,0.0
peak_retimed,5,e_queue,60.0,120.0,1.73,3.0,0.0
peak_retimed,5,w_queue,60.0,120.0,1.48,3.0,0.0
peak_retimed,5,n_queue,120.0,180.0,0.85,3.0,0.0
peak_retimed,5,s_queue,120.0,180.0,0.68,3.0,0.0
peak_retimed,5,e_queue,120.0,180.0,1.38,3.0,0.0
peak_retimed,5,w_queue,120.0,180.0,1.08,3.0,0.0
peak_retimed,5,n_queue,180.0,240.0,1.08,5.0,0.0
peak_retimed,5,s_queue,180.0,240.0,0.65,2.0,0.0
peak_retimed,5,e_queue,180.0,240.0,1.22,4.0,0.0
peak_retimed,5,w_queue,180.0,240.0,1.23,3.0,0.0
peak_retimed,5,n_queue,240.0,300.0,1.22,4.0,0.0
peak_retimed,5,s_queue,240.0,300.0,0.58,2.0,0.0
peak_retimed,5,e_queue,240.0,300.0,1.3,3.0,0.0
peak_retimed,5,w_queue,240.0,300.0,1.28,3.0,0.0
peak_retimed,5,n_queue,300.0,360.0,0.75,2.0,0.0
peak_retimed,5,s_queue,300.0,360.0,0.32,1.0,0.0
peak_retimed,5,e_queue,300.0,360.0,1.67,4.0,0.0
peak_retimed,5,w_queue,300.0,360.0,1.43,3.0,0.0
peak_retimed,5,n_queue,360.0,420.0,0.9,4.0,0.0
peak_retimed,5,s_queue,360.0,420.0,0.65,2.0,0.0
peak_retimed,5,e_queue,360.0,420.0,1.58,3.0,0.0
peak_retimed,5,w_queue,360.0,420.0,1.53,4.0,0.0
peak_retimed,5,n_queue,420.0,480.0,0.52,3.0,0.0
peak_retimed,5,s_queue,420.0,480.0,0.25,2.0,0.0
peak_retimed,5,e_queue,420.0,480.0,1.6,4.0,0.0
peak_retimed,5,w_queue,420.0,480.0,1.32,3.0,0.0
peak_retimed,5,n_queue,480.0,540.0,0.8,4.0,0.0
peak_retimed,5,s_queue,480.0,540.0,0.38,2.0,0.0
peak_retimed,5,e_queue,480.0,540.0,1.58,3.0,0.0
peak_retimed,5,w_queue,480.0,540.0,1.63,3.0,0.0
peak_retimed,5,n_queue,540.0,600.0,1.3,5.0,0.0
peak_retimed,5,s_queue,540.0,600.0,0.52,2.0,0.0
peak_retimed,5,e_queue,540.0,600.0,1.37,3.0,0.0
peak_retimed,5,w_queue,540.0,600.0,1.7,4.0,0.0
peak_retimed,5,n_queue,600.0,660.0,0.75,3.0,0.0
peak_retimed,5,s_queue,600.0,660.0,0.72,3.0,0.0
peak_retimed,5,e_queue,600.0,660.0,1.27,4.0,0.0
peak_retimed,5,w_queue,600.0,660.0,1.52,4.0,0.0
peak_retimed,5,n_queue,660.0,720.0,1.33,4.0,0.0
peak_retimed,5,s_queue,660.0,720.0,0.77,3.0,0.0
peak_retimed,5,e_queue,660.0,720.0,1.3,4.0,0.0
peak_retimed,5,w_queue,660.0,720.0,1.58,4.0,0.0
peak_retimed,5,n_queue,720.0,780.0,0.98,4.0,0.0
peak_retimed,5,s_queue,720.0,780.0,0.33,1.0,0.0
peak_retimed,5,e_queue,720.0,780.0,1.67,4.0,0.0
peak_retimed,5,w_queue,720.0,780.0,1.43,3.0,0.0
peak_retimed,5,n_queue,780.0,840.0,0.85,4.0,0.0
peak_retimed,5,s_queue,780.0,840.0,0.67,2.0,0.0
peak_retimed,5,e_queue,780.0,840.0,1.73,4.0,0.0
peak_retimed,5,w_queue,780.0,840.0,1.82,4.0,0.0
peak_retimed,5,n_queue,840.0,900.0,0.45,3.0,0.0
peak_retimed,5,s_queue,840.0,900.0,0.22,1.0,0.0
peak_retimed,5,e_queue,840.0,900.0,2.15,4.0,0.0
peak_retimed,5,w_queue,840.0,900.0,1.72,3.0,0.0
peak_retimed,5,n_queue,900.0,960.0,0.78,4.0,0.0
peak_retimed,5,s_queue,900.0,960.0,0.35,2.0,0.0
peak_retimed,5,e_queue,900.0,960.0,1.68,4.0,0.0
peak_retimed,5,w_queue,900.0,960.0,1.33,3.0,0.0
peak_retimed,5,n_queue,960.0,1020.0,1.57,5.0,0.0
peak_retimed,5,s_queue,960.0,1020.0,0.55,3.0,0.0
peak_retimed,5,e_queue,960.0,1020.0,1.52,4.0,0.0
peak_retimed,5,w_queue,960.0,1020.0,1.15,3.0,0.0
peak_retimed,5,n_queue,1020.0,1080.0,1.05,4.0,0.0
peak_retimed,5,s_queue,1020.0,1080.0,0.48,2.0,0.0
peak_retimed,5,e_queue,1020.0,1080.0,1.68,4.0,0.0
peak_retimed,5,w_queue,1020.0,1080.0,1.25,4.0,0.0
peak_retimed,5,n_queue,1080.0,1140.0,1.13,4.0,0.0
peak_retimed,5,s_queue,1080.0,1140.0,0.37,2.0,0.0
peak_retimed,5,e_queue,1080.0,1140.0,1.72,4.0,0.0
peak_retimed,5,w_queue,1080.0,1140.0,1.55,4.0,0.0
peak_retimed,5,n_queue,1140.0,1200.0,1.1,4.0,0.0
peak_retimed,5,s_queue,1140.0,1200.0,0.57,2.0,0.0
peak_retimed,5,e_queue,1140.0,1200.0,1.83,4.0,0.0
peak_retimed,5,w_queue,1140.0,1200.0,1.82,4.0,0.0
peak_retimed,5,n_queue,1200.0,1260.0,0.78,4.0,0.0
peak_retimed,5,s_queue,1200.0,1260.0,0.55,2.0,0.0
peak_retimed,5,e_queue,1200.0,1260.0,2.07,5.0,0.0
peak_retimed,5,w_queue,1200.0,1260.0,1.8,4.0,0.0
peak_retimed,5,n_queue,1260.0,1320.0,0.6,3.0,0.0
peak_retimed,5,s_queue,1260.0,1320.0,0.3,2.0,0.0
peak_retimed,5,e_queue,1260.0,1320.0,2.12,4.0,0.0
peak_retimed,5,w_queue,1260.0,1320.0,2.0,4.0,0.0
peak_retimed,5,n_queue,1320.0,1380.0,0.95,5.0,0.0
peak_retimed,5,s_queue,1320.0,1380.0,0.48,3.0,0.0
peak_retimed,5,e_queue,1320.0,1380.0,1.92,4.0,0.0
peak_retimed,5,w_queue,1320.0,1380.0,1.8,4.0,0.0
peak_retimed,5,n_queue,1380.0,1440.0,1.17,4.0,0.0
peak_retimed,5,s_queue,1380.0,1440.0,0.67,3.0,0.0
peak_retimed,5,e_queue,1380.0,1440.0,1.5,4.0,0.0
peak_retimed,5,w_queue,1380.0,1440.0,1.32,3.0,0.0
peak_retimed,5,n_queue,1440.0,1500.0,1.03,4.0,0.0
peak_retimed,5,s_queue,1440.0,1500.0,0.73,3.0,0.0
peak_retimed,5,e_queue,1440.0,1500.0,1.47,4.0,0.0
peak_retimed,5,w_queue,1440.0,1500.0,1.22,4.0,0.0
peak_retimed,5,n_queue,1500.0,1560.0,0.9,4.0,0.0
peak_retimed,5,s_queue,1500.0,1560.0,0.48,2.0,0.0
peak_retimed,5,e_queue,1500.0,1560.0,1.72,4.0,0.0
peak_retimed,5,w_queue,1500.0,1560.0,1.42,4.0,0.0
peak_retimed,5,n_queue,1560.0,1620.0,0.9,4.0,0.0
peak_retimed,5,s_queue,1560.0,1620.0,0.58,3.0,0.0
peak_retimed,5,e_queue,1560.0,1620.0,1.92,4.0,0.0
peak_retimed,5,w_queue,1560.0,1620.0,1.6,4.0,0.0
peak_retimed,5,n_queue,1620.0,1680.0,0.93,5.0,0.0
peak_retimed,5,s_queue,1620.0,1680.0,0.48,2.0,0.0
peak_retimed,5,e_queue,1620.0,1680.0,2.05,4.0,0.0
peak_retimed,5,w_queue,1620.0,1680.0,1.85,4.0,0.0
peak_retimed,5,n_queue,1680.0,1740.0,0.57,4.0,0.0
peak_retimed,5,s_queue,1680.0,1740.0,0.3,2.0,0.0
peak_retimed,5,e_queue,1680.0,1740.0,2.52,4.0,0.0
peak_retimed,5,w_queue,1680.0,1740.0,1.65,4.0,0.0
peak_retimed,5,n_queue,1740.0,1800.0,0.77,4.0,0.0
peak_retimed,5,s_queue,1740.0,1800.0,0.5,3.0,0.0
peak_retimed,5,e_queue,1740.0,1800.0,1.85,4.0,0.0
peak_retimed,5,w_queue,1740.0,1800.0,2.48,5.0,0.0
peak_retimed,5,n_queue,1800.0,1860.0,1.08,4.0,0.0
peak_retimed,5,s_queue,1800.0,1860.0,0.63,3.0,0.0
peak_retimed,5,e_queue,1800.0,1860.0,1.42,4.0,0.0
peak_retimed,5,w_queue,1800.0,1860.0,1.47,4.0,0.0
peak_retimed,5,n_queue,1860.0,1920.0,1.38,5.0,0.0
peak_retimed,5,s_queue,1860.0,1920.0,0.88,3.0,0.0
peak_retimed,5,e_queue,1860.0,1920.0,1.67,5.0,0.0
peak_retimed,5,w_queue,1860.0,1920.0,1.58,4.0,0.0
peak_retimed,5,n_queue,1920.0,1980.0,1.62,6.0,0.0
peak_retimed,5,s_queue,1920.0,1980.0,0.68,3.0,0.0
peak_retimed,5,e_queue,1920.0,1980.0,1.97,5.0,0.0
peak_retimed,5,w_queue,1920.0,1980.0,1.82,5.0,0.0
peak_retimed,5,n_queue,1980.0,2040.0,1.35,6.0,0.0
peak_retimed,5,s_queue,1980.0,2040.0,0.65,3.0,0.0
peak_retimed,5,e_queue,1980.0,2040.0,2.15,5.0,0.0
peak_retimed,5,w_queue,1980.0,2040.0,2.05,5.0,0.0
peak_retimed,5,n_queue,2040.0,2100.0,1.37,6.0,0.0
peak_retimed,5,s_queue,2040.0,2100.0,0.85,3.0,0.0
peak_retimed,5,e_queue,2040.0,2100.0,2.58,5.0,0.0
peak_retimed,5,w_queue,2040.0,2100.0,2.1,5.0,0.0
peak_retimed,5,n_queue,2100.0,2160.0,0.68,5.0,0.0
peak_retimed,5,s_queue,2100.0,2160.0,0.47,2.0,0.0
peak_retimed,5,e_queue,2100.0,2160.0,2.43,5.0,0.0
peak_retimed,5,w_queue,2100.0,2160.0,2.42,5.0,0.0
peak_retimed,5,n_queue,2160.0,2220.0,0.77,3.0,0.0
peak_retimed,5,s_queue,2160.0,2220.0,0.53,3.0,0.0
peak_retimed,5,e_queue,2160.0,2220.0,2.75,6.0,0.0
peak_retimed,5,w_queue,2160.0,2220.0,2.02,4.0,0.0
peak_retimed,5,n_queue,2220.0,2280.0,1.1,5.0,0.0
peak_retimed,5,s_queue,2220.0,2280.0,0.92,3.0,0.0
peak_retimed,5,e_queue,2220.0,2280.0,2.05,5.0,0.0
peak_retimed,5,w_queue,2220.0,2280.0,1.65,4.0,0.0
peak_retimed,5,n_queue,2280.0,2340.0,1.37,5.0,0.0
peak_retimed,5,s_queue,2280.0,2340.0,0.5,3.0,0.0
peak_retimed,5,e_queue,2280.0,2340.0,2.1,6.0,0.0
peak_retimed,5,w_queue,2280.0,2340.0,1.48,4.0,0.0
peak_retimed,5,n_queue,2340.0,2400.0,1.23,5.0,0.0
peak_retimed,5,s_queue,2340.0,2400.0,0.47,3.0,0.0
peak_retimed,5,e_queue,2340.0,2400.0,2.02,5.0,0.0
peak_retimed,5,w_queue,2340.0,2400.0,1.75,5.0,0.0
peak_retimed,5,n_queue,2400.0,2460.0,1.2,4.0,0.0
peak_retimed,5,s_queue,2400.0,2460.0,0.7,3.0,0.0
peak_retimed,5,e_queue,2400.0,2460.0,2.13,5.0,0.0
peak_retimed,5,w_queue,2400.0,2460.0,1.83,4.0,0.0
peak_retimed,5,n_queue,2460.0,2520.0,0.72,4.0,0.0
peak_retimed,5,s_queue,2460.0,2520.0,0.35,2.0,0.0
peak_retimed,5,e_queue,2460.0,2520.0,2.32,5.0,0.0
peak_retimed,5,w_queue,2460.0,2520.0,1.82,4.0,0.0
peak_retimed,5,n_queue,2520.0,2580.0,0.55,4.0,0.0
peak_retimed,5,s_queue,2520.0,2580.0,0.38,2.0,0.0
peak_retimed,5,e_queue,2520.0,2580.0,2.2,4.0,0.0
peak_retimed,5,w_queue,2520.0,2580.0,2.02,4.0,0.0
peak_retimed,5,n_queue,2580.0,2640.0,0.98,5.0,0.0
peak_retimed,5,s_queue,2580.0,2640.0,0.5,3.0,0.0
peak_retimed,5,e_queue,2580.0,2640.0,2.4,5.0,0.0
peak_retimed,5,w_queue,2580.0,2640.0,2.03,4.0,0.0
peak_retimed,5,n_queue,2640.0,2700.0,1.4,5.0,0.0
peak_retimed,5,s_queue,2640.0,2700.0,0.53,3.0,0.0
peak_retimed,5,e_queue,2640.0,2700.0,1.52,4.0,0.0
peak_retimed,5,w_queue,2640.0,2700.0,1.37,3.0,0.0
peak_retimed,5,n_queue,2700.0,2760.0,1.3,5.0,0.0
peak_retimed,5,s_queue,2700.0,2760.0,0.57,2.0,0.0
peak_retimed,5,e_queue,2700.0,2760.0,1.97,5.0,0.0
peak_retimed,5,w_queue,2700.0,2760.0,1.6,4.0,0.0
peak_retimed,5,n_queue,2760.0,2820.0,1.47,5.0,0.0
peak_retimed,5,s_queue,2760.0,2820.0,0.55,2.0,0.0
peak_retimed,5,e_queue,2760.0,2820.0,1.88,5.0,0.0
peak_retimed,5,w_queue,2760.0,2820.0,1.72,4.0,0.0
peak_retimed,5,n_queue,2820.0,2880.0,0.83,3.0,0.0
peak_retimed,5,s_queue,2820.0,2880.0,0.63,3.0,0.0
peak_retimed,5,e_queue,2820.0,2880.0,2.1,5.0,0.0
peak_retimed,5,w_queue,2820.0,2880.0,1.88,4.0,0.0
peak_retimed,5,n_queue,2880.0,2940.0,0.75,4.0,0.0
peak_retimed,5,s_queue,2880.0,2940.0,0.75,3.0,0.0
peak_retimed,5,e_queue,2880.0,2940.0,2.32,5.0,0.0
peak_retimed,5,w_queue,2880.0,2940.0,2.37,5.0,0.0
peak_retimed,5,n_queue,2940.0,3000.0,0.63,4.0,0.0
peak_retimed,5,s_queue,2940.0,3000.0,0.33,2.0,0.0
peak_retimed,5,e_queue,2940.0,3000.0,2.75,5.0,0.0
peak_retimed,5,w_queue,2940.0,3000.0,2.1,4.0,0.0
peak_retimed,5,n_queue,3000.0,3060.0,0.9,5.0,0.0
peak_retimed,5,s_queue,3000.0,3060.0,0.48,3.0,0.0
peak_retimed,5,e_queue,3000.0,3060.0,2.35,5.0,0.0
peak_retimed,5,w_queue,3000.0,3060.0,2.18,5.0,0.0
peak_retimed,5,n_queue,3060.0,3120.0,1.32,5.0,0.0
peak_retimed,5,s_queue,3060.0,3120.0,0.85,3.0,0.0
peak_retimed,5,e_queue,3060.0,3120.0,1.58,4.0,0.0
peak_retimed,5,w_queue,3060.0,3120.0,1.18,3.0,0.0
peak_retimed,5,n_queue,3120.0,3180.0,1.42,5.0,0.0
peak_retimed,5,s_queue,3120.0,3180.0,0.63,3.0,0.0
peak_retimed,5,e_queue,3120.0,3180.0,1.68,5.0,0.0
peak_retimed,5,w_queue,3120.0,3180.0,1.55,4.0,0.0
peak_retimed,5,n_queue,3180.0,3240.0,1.5,5.0,0.0
peak_retimed,5,s_queue,3180.0,3240.0,0.68,3.0,0.0
peak_retimed,5,e_queue,3180.0,3240.0,2.08,5.0,0.0
peak_retimed,5,w_queue,3180.0,3240.0,1.65,4.0,0.0
peak_retimed,5,n_queue,3240.0,3300.0,1.17,4.0,0.0
peak_retimed,5,s_queue,3240.0,3300.0,0.55,2.0,0.0
peak_retimed,5,e_queue,3240.0,3300.0,2.4,5.0,0.0
peak_retimed,5,w_queue,3240.0,3300.0,1.8,4.0,0.0
peak_retimed,5,n_queue,3300.0,3360.0,1.07,5.0,0.0
peak_retimed,5,s_queue,3300.0,3360.0,0.5,2.0,0.0
peak_retimed,5,e_queue,3300.0,3360.0,2.22,5.0,0.0
peak_retimed,5,w_queue,3300.0,3360.0,1.82,4.0,0.0
peak_retimed,5,n_queue,3360.0,3420.0,0.65,4.0,0.0
peak_retimed,5,s_queue,3360.0,3420.0,0.3,2.0,0.0
peak_retimed,5,e_queue,3360.0,3420.0,2.03,4.0,0.0
peak_retimed,5,w_queue,3360.0,3420.0,1.78,4.0,0.0
peak_retimed,5,n_queue,3420.0,3480.0,0.92,5.0,0.0
peak_retimed,5,s_queue,3420.0,3480.0,0.42,2.0,0.0
peak_retimed,5,e_queue,3420.0,3480.0,2.63,5.0,0.0
peak_retimed,5,w_queue,3420.0,3480.0,2.15,4.0,0.0
peak_retimed,5,n_queue,3480.0,3540.0,1.48,5.0,0.0
peak_retimed,5,s_queue,3480.0,3540.0,0.63,3.0,0.0
peak_retimed,5,e_queue,3480.0,3540.0,1.95,5.0,0.0
peak_retimed,5,w_queue,3480.0,3540.0,2.02,4.0,0.0
peak_retimed,5,n_queue,3540.0,3600.0,0.87,4.0,0.0
peak_retimed,5,s_queue,3540.0,3600.0,0.7,2.0,0.0
peak_retimed,5,e_queue,3540.0,3600.0,2.07,5.0,0.0
peak_retimed,5,w_queue,3540.0,3600.0,1.7,5.0,0.0
peak_retimed,5,n_queue,3600.0,3660.0,1.07,4.0,0.0
peak_retimed,5,s_queue,3600.0,3660.0,0.7,2.0,0.0
peak_retimed,5,e_queue,3600.0,3660.0,1.62,5.0,0.0
peak_retimed,5,w_queue,3600.0,3660.0,1.33,4.0,0.0
peak_retimed,5,n_queue,3660.0,3720.0,0.0,0.0,0.0
peak_retimed,5,s_queue,3660.0,3720.0,0.0,0.0,0.0
peak_retimed,5,e_queue,3660.0,3720.0,0.0,0.0,0.0
peak_retimed,5,w_queue,3660.0,3720.0,0.0,0.0,0.0
peak_retimed,5,n_queue,3720.0,3780.0,0.0,0.0,0.0
peak_retimed,5,s_queue,3720.0,3780.0,0.0,0.0,0.0
peak_retimed,5,e_queue,3720.0,3780.0,0.0,0.0,0.0
peak_retimed,5,w_queue,3720.0,3780.0,0.0,0.0,0.0
peak_retimed,5,n_queue,3780.0,3840.0,0.0,0.0,0.0
peak_retimed,5,s_queue,3780.0,3840.0,0.0,0.0,0.0
peak_retimed,5,e_queue,3780.0,3840.0,0.0,0.0,0.0
peak_retimed,5,w_queue,3780.0,3840.0,0.0,0.0,0.0
peak_retimed,5,n_queue,3840.0,3900.0,0.0,0.0,0.0
peak_retimed,5,s_queue,3840.0,3900.0,0.0,0.0,0.0
peak_retimed,5,e_queue,3840.0,3900.0,0.0,0.0,0.0
peak_retimed,5,w_queue,3840.0,3900.0,0.0,0.0,0.0
peak_retimed,5,n_queue,3900.0,3960.0,0.0,0.0,0.0
peak_retimed,5,s_queue,3900.0,3960.0,0.0,0.0,0.0
peak_retimed,5,e_queue,3900.0,3960.0,0.0,0.0,0.0
peak_retimed,5,w_queue,3900.0,3960.0,0.0,0.0,0.0
peak_retimed,5,n_queue,3960.0,4020.0,0.0,0.0,0.0
peak_retimed,5,s_queue,3960.0,4020.0,0.0,0.0,0.0
peak_retimed,5,e_queue,3960.0,4020.0,0.0,0.0,0.0
peak_retimed,5,w_queue,3960.0,4020.0,0.0,0.0,0.0
peak_retimed,5,n_queue,4020.0,4080.0,0.0,0.0,0.0
peak_retimed,5,s_queue,4020.0,4080.0,0.0,0.0,0.0
peak_retimed,5,e_queue,4020.0,4080.0,0.0,0.0,0.0
peak_retimed,5,w_queue,4020.0,4080.0,0.0,0.0,0.0
peak_retimed,5,n_queue,4080.0,4140.0,0.0,0.0,0.0
peak_retimed,5,s_queue,4080.0,4140.0,0.0,0.0,0.0
peak_retimed,5,e_queue,4080.0,4140.0,0.0,0.0,0.0
peak_retimed,5,w_queue,4080.0,4140.0,0.0,0.0,0.0
peak_retimed,5,n_queue,4140.0,4200.0,0.0,0.0,0.0
peak_retimed,5,s_queue,4140.0,4200.0,0.0,0.0,0.0
peak_retimed,5,e_queue,4140.0,4200.0,0.0,0.0,0.0
peak_retimed,5,w_queue,4140.0,4200.0,0.0,0.0,0.0
peak_retimed,5,n_queue,4200.0,4260.0,0.0,0.0,0.0
peak_retimed,5,s_queue,4200.0,4260.0,0.0,0.0,0.0
peak_retimed,5,e_queue,4200.0,4260.0,0.0,0.0,0.0
peak_retimed,5,w_queue,4200.0,4260.0,0.0,0.0,0.0
peak_retimed,5,n_queue,4260.0,4320.0,0.0,0.0,0.0
peak_retimed,5,s_queue,4260.0,4320.0,0.0,0.0,0.0
peak_retimed,5,e_queue,4260.0,4320.0,0.0,0.0,0.0
peak_retimed,5,w_queue,4260.0,4320.0,0.0,0.0,0.0
peak_retimed,5,n_queue,4320.0,4380.0,0.0,0.0,0.0
peak_retimed,5,s_queue,4320.0,4380.0,0.0,0.0,0.0
peak_retimed,5,e_queue,4320.0,4380.0,0.0,0.0,0.0
peak_retimed,5,w_queue,4320.0,4380.0,0.0,0.0,0.0
peak_retimed,5,n_queue,4380.0,4440.0,0.0,0.0,0.0
peak_retimed,5,s_queue,4380.0,4440.0,0.0,0.0,0.0
peak_retimed,5,e_queue,4380.0,4440.0,0.0,0.0,0.0
peak_retimed,5,w_queue,4380.0,4440.0,0.0,0.0,0.0
peak_retimed,5,n_queue,4440.0,4500.0,0.0,0.0,0.0
peak_retimed,5,s_queue,4440.0,4500.0,0.0,0.0,0.0
peak_retimed,5,e_queue,4440.0,4500.0,0.0,0.0,0.0
peak_retimed,5,w_queue,4440.0,4500.0,0.0,0.0,0.0
